State,Source,Stepping,Weight,Type,RefGC,Comments
INSTR_ADD_UW_EM,Gen8,A0,23.832,syn,397435,
INSTR_ADD_UW_EM,Gen9LPClient,A0,20.1284,syn,416823,
INSTR_ADD_UW_FPU,Gen8,A0,28.519,syn,397435,
INSTR_ADD_UW_FPU,Gen9LPClient,A0,24.1498,syn,416823,
INSTR_ADD_W_EM,Gen8,A0,23.832,syn,397435,
INSTR_ADD_W_EM,Gen9LPClient,A0,20.1284,syn,416823,
INSTR_ADD_W_FPU,Gen8,A0,28.519,syn,397435,
INSTR_ADD_W_FPU,Gen9LPClient,A0,24.1498,syn,416823,
INSTR_ADD_UD_EM,Gen8,A0,31.084,syn,397435,
INSTR_ADD_UD_EM,Gen9LPClient,A0,19.8035,syn,416823,
INSTR_ADD_UD_FPU,Gen8,A0,40.206,syn,397435,
INSTR_ADD_UD_FPU,Gen9LPClient,A0,23.6157,syn,416823,
INSTR_ADD_D_EM,Gen8,A0,31.084,syn,397435,
INSTR_ADD_D_EM,Gen9LPClient,A0,19.8035,syn,416823,
INSTR_ADD_D_FPU,Gen8,A0,40.206,syn,397435,
INSTR_ADD_D_FPU,Gen9LPClient,A0,23.6157,syn,416823,
INSTR_ADD_UQ_EM,Gen9LPClient,A0,26.8822,syn,416823,
INSTR_ADD_UQ_FPU,Gen9LPClient,A0,28.7346,syn,416823,
INSTR_ADD_Q_EM,Gen9LPClient,A0,26.8822,syn,416823,
INSTR_ADD_Q_FPU,Gen9LPClient,A0,28.7346,syn,416823,
INSTR_ADD_HF_EM,Gen8,A0,22.423,syn,397435,
INSTR_ADD_HF_EM,Gen9LPClient,A0,38.9505,syn,416823,
INSTR_ADD_HF_FPU,Gen8,A0,28.014,syn,397435,
INSTR_ADD_HF_FPU,Gen9LPClient,A0,43.0566,syn,416823,
INSTR_ADD_F_EM,Gen8,A0,23.832,syn,397435,
INSTR_ADD_F_EM,Gen9LPClient,A0,31.0606,syn,416823,
INSTR_ADD_F_FPU,Gen8,A0,28.519,syn,397435,
INSTR_ADD_F_FPU,Gen9LPClient,A0,32.7057,syn,416823,
INSTR_ADD_DF_EM,Gen9LPClient,A0,30.2404,syn,416823,
INSTR_ADD_DF_FPU,Gen9LPClient,A0,33.3145,syn,416823,
INSTR_ADDC_UW_EM,Gen8,A0,23.832,syn,397435,
INSTR_ADDC_UW_EM,Gen9LPClient,A0,20.1284,syn,416823,
INSTR_ADDC_UW_FPU,Gen8,A0,28.519,syn,397435,
INSTR_ADDC_UW_FPU,Gen9LPClient,A0,24.1498,syn,416823,
INSTR_ADDC_W_EM,Gen8,A0,23.832,syn,397435,
INSTR_ADDC_W_EM,Gen9LPClient,A0,20.1284,syn,416823,
INSTR_ADDC_W_FPU,Gen8,A0,28.519,syn,397435,
INSTR_ADDC_W_FPU,Gen9LPClient,A0,24.1498,syn,416823,
INSTR_ADDC_UD_EM,Gen8,A0,31.084,syn,397435,
INSTR_ADDC_UD_EM,Gen9LPClient,A0,19.8035,syn,416823,
INSTR_ADDC_UD_FPU,Gen8,A0,40.206,syn,397435,
INSTR_ADDC_UD_FPU,Gen9LPClient,A0,23.6157,syn,416823,
INSTR_ADDC_D_EM,Gen8,A0,31.084,syn,397435,
INSTR_ADDC_D_EM,Gen9LPClient,A0,19.8035,syn,416823,
INSTR_ADDC_D_FPU,Gen8,A0,40.206,syn,397435,
INSTR_ADDC_D_FPU,Gen9LPClient,A0,23.6157,syn,416823,
INSTR_ADDC_UQ_EM,Gen9LPClient,A0,26.8822,syn,416823,
INSTR_ADDC_UQ_FPU,Gen9LPClient,A0,28.7346,syn,416823,
INSTR_ADDC_Q_EM,Gen9LPClient,A0,26.8822,syn,416823,
INSTR_ADDC_Q_FPU,Gen9LPClient,A0,28.7346,syn,416823,
INSTR_ADDC_HF_EM,Gen8,A0,22.423,syn,397435,
INSTR_ADDC_HF_EM,Gen9LPClient,A0,38.9505,syn,416823,
INSTR_ADDC_HF_FPU,Gen8,A0,28.014,syn,397435,
INSTR_ADDC_HF_FPU,Gen9LPClient,A0,43.0566,syn,416823,
INSTR_ADDC_F_EM,Gen8,A0,23.832,syn,397435,
INSTR_ADDC_F_EM,Gen9LPClient,A0,31.0606,syn,416823,
INSTR_ADDC_F_FPU,Gen8,A0,28.519,syn,397435,
INSTR_ADDC_F_FPU,Gen9LPClient,A0,32.7057,syn,416823,
INSTR_ADDC_DF_EM,Gen9LPClient,A0,30.2404,syn,416823,
INSTR_ADDC_DF_FPU,Gen9LPClient,A0,33.3145,syn,416823,
INSTR_AND_UW_EM,Gen8,A0,23.832,syn,397435,
INSTR_AND_UW_EM,Gen9LPClient,A0,20.1284,syn,416823,
INSTR_AND_UW_FPU,Gen8,A0,28.519,syn,397435,
INSTR_AND_UW_FPU,Gen9LPClient,A0,24.1498,syn,416823,
INSTR_AND_W_EM,Gen8,A0,23.832,syn,397435,
INSTR_AND_W_EM,Gen9LPClient,A0,20.1284,syn,416823,
INSTR_AND_W_FPU,Gen8,A0,28.519,syn,397435,
INSTR_AND_W_FPU,Gen9LPClient,A0,24.1498,syn,416823,
INSTR_AND_UD_EM,Gen8,A0,31.084,syn,397435,
INSTR_AND_UD_EM,Gen9LPClient,A0,19.8035,syn,416823,
INSTR_AND_UD_FPU,Gen8,A0,40.206,syn,397435,
INSTR_AND_UD_FPU,Gen9LPClient,A0,23.6157,syn,416823,
INSTR_AND_D_EM,Gen8,A0,31.084,syn,397435,
INSTR_AND_D_EM,Gen9LPClient,A0,19.8035,syn,416823,
INSTR_AND_D_FPU,Gen8,A0,40.206,syn,397435,
INSTR_AND_D_FPU,Gen9LPClient,A0,23.6157,syn,416823,
INSTR_AND_UQ_EM,Gen9LPClient,A0,26.8822,syn,416823,
INSTR_AND_UQ_FPU,Gen9LPClient,A0,28.7346,syn,416823,
INSTR_AND_Q_EM,Gen9LPClient,A0,26.8822,syn,416823,
INSTR_AND_Q_FPU,Gen9LPClient,A0,28.7346,syn,416823,
INSTR_AND_HF_EM,Gen8,A0,22.423,syn,397435,
INSTR_AND_HF_EM,Gen9LPClient,A0,38.9505,syn,416823,
INSTR_AND_HF_FPU,Gen8,A0,28.014,syn,397435,
INSTR_AND_HF_FPU,Gen9LPClient,A0,43.0566,syn,416823,
INSTR_AND_F_EM,Gen8,A0,23.832,syn,397435,
INSTR_AND_F_EM,Gen9LPClient,A0,31.0606,syn,416823,
INSTR_AND_F_FPU,Gen8,A0,28.519,syn,397435,
INSTR_AND_F_FPU,Gen9LPClient,A0,32.7057,syn,416823,
INSTR_AND_DF_EM,Gen9LPClient,A0,30.2404,syn,416823,
INSTR_AND_DF_FPU,Gen9LPClient,A0,33.3145,syn,416823,
INSTR_ASR_UW_EM,Gen8,A0,23.832,syn,397435,
INSTR_ASR_UW_EM,Gen9LPClient,A0,20.1284,syn,416823,
INSTR_ASR_UW_FPU,Gen8,A0,28.519,syn,397435,
INSTR_ASR_UW_FPU,Gen9LPClient,A0,24.1498,syn,416823,
INSTR_ASR_W_EM,Gen8,A0,23.832,syn,397435,
INSTR_ASR_W_EM,Gen9LPClient,A0,20.1284,syn,416823,
INSTR_ASR_W_FPU,Gen8,A0,28.519,syn,397435,
INSTR_ASR_W_FPU,Gen9LPClient,A0,24.1498,syn,416823,
INSTR_ASR_UD_EM,Gen8,A0,31.084,syn,397435,
INSTR_ASR_UD_EM,Gen9LPClient,A0,19.8035,syn,416823,
INSTR_ASR_UD_FPU,Gen8,A0,40.206,syn,397435,
INSTR_ASR_UD_FPU,Gen9LPClient,A0,23.6157,syn,416823,
INSTR_ASR_D_EM,Gen8,A0,31.084,syn,397435,
INSTR_ASR_D_EM,Gen9LPClient,A0,19.8035,syn,416823,
INSTR_ASR_D_FPU,Gen8,A0,40.206,syn,397435,
INSTR_ASR_D_FPU,Gen9LPClient,A0,23.6157,syn,416823,
INSTR_ASR_UQ_EM,Gen9LPClient,A0,26.8822,syn,416823,
INSTR_ASR_UQ_FPU,Gen9LPClient,A0,28.7346,syn,416823,
INSTR_ASR_Q_EM,Gen9LPClient,A0,26.8822,syn,416823,
INSTR_ASR_Q_FPU,Gen9LPClient,A0,28.7346,syn,416823,
INSTR_ASR_HF_EM,Gen8,A0,22.423,syn,397435,
INSTR_ASR_HF_EM,Gen9LPClient,A0,38.9505,syn,416823,
INSTR_ASR_HF_FPU,Gen8,A0,28.014,syn,397435,
INSTR_ASR_HF_FPU,Gen9LPClient,A0,43.0566,syn,416823,
INSTR_ASR_F_EM,Gen8,A0,23.832,syn,397435,
INSTR_ASR_F_EM,Gen9LPClient,A0,31.0606,syn,416823,
INSTR_ASR_F_FPU,Gen8,A0,28.519,syn,397435,
INSTR_ASR_F_FPU,Gen9LPClient,A0,32.7057,syn,416823,
INSTR_ASR_DF_EM,Gen9LPClient,A0,30.2404,syn,416823,
INSTR_ASR_DF_FPU,Gen9LPClient,A0,33.3145,syn,416823,
INSTR_AVG_UW_EM,Gen8,A0,23.832,syn,397435,
INSTR_AVG_UW_EM,Gen9LPClient,A0,20.1284,syn,416823,
INSTR_AVG_UW_FPU,Gen8,A0,28.519,syn,397435,
INSTR_AVG_UW_FPU,Gen9LPClient,A0,24.1498,syn,416823,
INSTR_AVG_W_EM,Gen8,A0,23.832,syn,397435,
INSTR_AVG_W_EM,Gen9LPClient,A0,20.1284,syn,416823,
INSTR_AVG_W_FPU,Gen8,A0,28.519,syn,397435,
INSTR_AVG_W_FPU,Gen9LPClient,A0,24.1498,syn,416823,
INSTR_AVG_UD_EM,Gen8,A0,31.084,syn,397435,
INSTR_AVG_UD_EM,Gen9LPClient,A0,19.8035,syn,416823,
INSTR_AVG_UD_FPU,Gen8,A0,40.206,syn,397435,
INSTR_AVG_UD_FPU,Gen9LPClient,A0,23.6157,syn,416823,
INSTR_AVG_D_EM,Gen8,A0,31.084,syn,397435,
INSTR_AVG_D_EM,Gen9LPClient,A0,19.8035,syn,416823,
INSTR_AVG_D_FPU,Gen8,A0,40.206,syn,397435,
INSTR_AVG_D_FPU,Gen9LPClient,A0,23.6157,syn,416823,
INSTR_AVG_UQ_EM,Gen9LPClient,A0,26.8822,syn,416823,
INSTR_AVG_UQ_FPU,Gen9LPClient,A0,28.7346,syn,416823,
INSTR_AVG_Q_EM,Gen9LPClient,A0,26.8822,syn,416823,
INSTR_AVG_Q_FPU,Gen9LPClient,A0,28.7346,syn,416823,
INSTR_AVG_HF_EM,Gen8,A0,22.423,syn,397435,
INSTR_AVG_HF_EM,Gen9LPClient,A0,38.9505,syn,416823,
INSTR_AVG_HF_FPU,Gen8,A0,28.014,syn,397435,
INSTR_AVG_HF_FPU,Gen9LPClient,A0,43.0566,syn,416823,
INSTR_AVG_F_EM,Gen8,A0,23.832,syn,397435,
INSTR_AVG_F_EM,Gen9LPClient,A0,31.0606,syn,416823,
INSTR_AVG_F_FPU,Gen8,A0,28.519,syn,397435,
INSTR_AVG_F_FPU,Gen9LPClient,A0,32.7057,syn,416823,
INSTR_AVG_DF_EM,Gen9LPClient,A0,30.2404,syn,416823,
INSTR_AVG_DF_FPU,Gen9LPClient,A0,33.3145,syn,416823,
INSTR_BFE_UW_EM,Gen8,A0,23.832,syn,397435,
INSTR_BFE_UW_EM,Gen9LPClient,A0,20.1284,syn,416823,
INSTR_BFE_UW_FPU,Gen8,A0,28.519,syn,397435,
INSTR_BFE_UW_FPU,Gen9LPClient,A0,24.1498,syn,416823,
INSTR_BFE_W_EM,Gen8,A0,23.832,syn,397435,
INSTR_BFE_W_EM,Gen9LPClient,A0,20.1284,syn,416823,
INSTR_BFE_W_FPU,Gen8,A0,28.519,syn,397435,
INSTR_BFE_W_FPU,Gen9LPClient,A0,24.1498,syn,416823,
INSTR_BFE_UD_EM,Gen8,A0,31.084,syn,397435,
INSTR_BFE_UD_EM,Gen9LPClient,A0,19.8035,syn,416823,
INSTR_BFE_UD_FPU,Gen8,A0,40.206,syn,397435,
INSTR_BFE_UD_FPU,Gen9LPClient,A0,23.6157,syn,416823,
INSTR_BFE_D_EM,Gen8,A0,31.084,syn,397435,
INSTR_BFE_D_EM,Gen9LPClient,A0,19.8035,syn,416823,
INSTR_BFE_D_FPU,Gen8,A0,40.206,syn,397435,
INSTR_BFE_D_FPU,Gen9LPClient,A0,23.6157,syn,416823,
INSTR_BFE_UQ_EM,Gen9LPClient,A0,26.8822,syn,416823,
INSTR_BFE_UQ_FPU,Gen9LPClient,A0,28.7346,syn,416823,
INSTR_BFE_Q_EM,Gen9LPClient,A0,26.8822,syn,416823,
INSTR_BFE_Q_FPU,Gen9LPClient,A0,28.7346,syn,416823,
INSTR_BFE_HF_EM,Gen8,A0,22.423,syn,397435,
INSTR_BFE_HF_EM,Gen9LPClient,A0,38.9505,syn,416823,
INSTR_BFE_HF_FPU,Gen8,A0,28.014,syn,397435,
INSTR_BFE_HF_FPU,Gen9LPClient,A0,43.0566,syn,416823,
INSTR_BFE_F_EM,Gen8,A0,23.832,syn,397435,
INSTR_BFE_F_EM,Gen9LPClient,A0,31.0606,syn,416823,
INSTR_BFE_F_FPU,Gen8,A0,28.519,syn,397435,
INSTR_BFE_F_FPU,Gen9LPClient,A0,32.7057,syn,416823,
INSTR_BFE_DF_EM,Gen9LPClient,A0,30.2404,syn,416823,
INSTR_BFE_DF_FPU,Gen9LPClient,A0,33.3145,syn,416823,
INSTR_BFI1_UW_EM,Gen8,A0,23.832,syn,397435,
INSTR_BFI1_UW_EM,Gen9LPClient,A0,20.1284,syn,416823,
INSTR_BFI1_UW_FPU,Gen8,A0,28.519,syn,397435,
INSTR_BFI1_UW_FPU,Gen9LPClient,A0,24.1498,syn,416823,
INSTR_BFI1_W_EM,Gen8,A0,23.832,syn,397435,
INSTR_BFI1_W_EM,Gen9LPClient,A0,20.1284,syn,416823,
INSTR_BFI1_W_FPU,Gen8,A0,28.519,syn,397435,
INSTR_BFI1_W_FPU,Gen9LPClient,A0,24.1498,syn,416823,
INSTR_BFI1_UD_EM,Gen8,A0,31.084,syn,397435,
INSTR_BFI1_UD_EM,Gen9LPClient,A0,19.8035,syn,416823,
INSTR_BFI1_UD_FPU,Gen8,A0,40.206,syn,397435,
INSTR_BFI1_UD_FPU,Gen9LPClient,A0,23.6157,syn,416823,
INSTR_BFI1_D_EM,Gen8,A0,31.084,syn,397435,
INSTR_BFI1_D_EM,Gen9LPClient,A0,19.8035,syn,416823,
INSTR_BFI1_D_FPU,Gen8,A0,40.206,syn,397435,
INSTR_BFI1_D_FPU,Gen9LPClient,A0,23.6157,syn,416823,
INSTR_BFI1_UQ_EM,Gen9LPClient,A0,26.8822,syn,416823,
INSTR_BFI1_UQ_FPU,Gen9LPClient,A0,28.7346,syn,416823,
INSTR_BFI1_Q_EM,Gen9LPClient,A0,26.8822,syn,416823,
INSTR_BFI1_Q_FPU,Gen9LPClient,A0,28.7346,syn,416823,
INSTR_BFI1_HF_EM,Gen8,A0,22.423,syn,397435,
INSTR_BFI1_HF_EM,Gen9LPClient,A0,38.9505,syn,416823,
INSTR_BFI1_HF_FPU,Gen8,A0,28.014,syn,397435,
INSTR_BFI1_HF_FPU,Gen9LPClient,A0,43.0566,syn,416823,
INSTR_BFI1_F_EM,Gen8,A0,23.832,syn,397435,
INSTR_BFI1_F_EM,Gen9LPClient,A0,31.0606,syn,416823,
INSTR_BFI1_F_FPU,Gen8,A0,28.519,syn,397435,
INSTR_BFI1_F_FPU,Gen9LPClient,A0,32.7057,syn,416823,
INSTR_BFI1_DF_EM,Gen9LPClient,A0,30.2404,syn,416823,
INSTR_BFI1_DF_FPU,Gen9LPClient,A0,33.3145,syn,416823,
INSTR_BFI2_UW_EM,Gen8,A0,23.832,syn,397435,
INSTR_BFI2_UW_EM,Gen9LPClient,A0,20.1284,syn,416823,
INSTR_BFI2_UW_FPU,Gen8,A0,28.519,syn,397435,
INSTR_BFI2_UW_FPU,Gen9LPClient,A0,24.1498,syn,416823,
INSTR_BFI2_W_EM,Gen8,A0,23.832,syn,397435,
INSTR_BFI2_W_EM,Gen9LPClient,A0,20.1284,syn,416823,
INSTR_BFI2_W_FPU,Gen8,A0,28.519,syn,397435,
INSTR_BFI2_W_FPU,Gen9LPClient,A0,24.1498,syn,416823,
INSTR_BFI2_UD_EM,Gen8,A0,31.084,syn,397435,
INSTR_BFI2_UD_EM,Gen9LPClient,A0,19.8035,syn,416823,
INSTR_BFI2_UD_FPU,Gen8,A0,40.206,syn,397435,
INSTR_BFI2_UD_FPU,Gen9LPClient,A0,23.6157,syn,416823,
INSTR_BFI2_D_EM,Gen8,A0,31.084,syn,397435,
INSTR_BFI2_D_EM,Gen9LPClient,A0,19.8035,syn,416823,
INSTR_BFI2_D_FPU,Gen8,A0,40.206,syn,397435,
INSTR_BFI2_D_FPU,Gen9LPClient,A0,23.6157,syn,416823,
INSTR_BFI2_UQ_EM,Gen9LPClient,A0,26.8822,syn,416823,
INSTR_BFI2_UQ_FPU,Gen9LPClient,A0,28.7346,syn,416823,
INSTR_BFI2_Q_EM,Gen9LPClient,A0,26.8822,syn,416823,
INSTR_BFI2_Q_FPU,Gen9LPClient,A0,28.7346,syn,416823,
INSTR_BFI2_HF_EM,Gen8,A0,22.423,syn,397435,
INSTR_BFI2_HF_EM,Gen9LPClient,A0,38.9505,syn,416823,
INSTR_BFI2_HF_FPU,Gen8,A0,28.014,syn,397435,
INSTR_BFI2_HF_FPU,Gen9LPClient,A0,43.0566,syn,416823,
INSTR_BFI2_F_EM,Gen8,A0,23.832,syn,397435,
INSTR_BFI2_F_EM,Gen9LPClient,A0,31.0606,syn,416823,
INSTR_BFI2_F_FPU,Gen8,A0,28.519,syn,397435,
INSTR_BFI2_F_FPU,Gen9LPClient,A0,32.7057,syn,416823,
INSTR_BFI2_DF_EM,Gen9LPClient,A0,30.2404,syn,416823,
INSTR_BFI2_DF_FPU,Gen9LPClient,A0,33.3145,syn,416823,
INSTR_BFREV_UW_EM,Gen8,A0,23.832,syn,397435,
INSTR_BFREV_UW_EM,Gen9LPClient,A0,20.1284,syn,416823,
INSTR_BFREV_UW_FPU,Gen8,A0,28.519,syn,397435,
INSTR_BFREV_UW_FPU,Gen9LPClient,A0,24.1498,syn,416823,
INSTR_BFREV_W_EM,Gen8,A0,23.832,syn,397435,
INSTR_BFREV_W_EM,Gen9LPClient,A0,20.1284,syn,416823,
INSTR_BFREV_W_FPU,Gen8,A0,28.519,syn,397435,
INSTR_BFREV_W_FPU,Gen9LPClient,A0,24.1498,syn,416823,
INSTR_BFREV_UD_EM,Gen8,A0,31.084,syn,397435,
INSTR_BFREV_UD_EM,Gen9LPClient,A0,19.8035,syn,416823,
INSTR_BFREV_UD_FPU,Gen8,A0,40.206,syn,397435,
INSTR_BFREV_UD_FPU,Gen9LPClient,A0,23.6157,syn,416823,
INSTR_BFREV_D_EM,Gen8,A0,31.084,syn,397435,
INSTR_BFREV_D_EM,Gen9LPClient,A0,19.8035,syn,416823,
INSTR_BFREV_D_FPU,Gen8,A0,40.206,syn,397435,
INSTR_BFREV_D_FPU,Gen9LPClient,A0,23.6157,syn,416823,
INSTR_BFREV_UQ_EM,Gen9LPClient,A0,26.8822,syn,416823,
INSTR_BFREV_UQ_FPU,Gen9LPClient,A0,28.7346,syn,416823,
INSTR_BFREV_Q_EM,Gen9LPClient,A0,26.8822,syn,416823,
INSTR_BFREV_Q_FPU,Gen9LPClient,A0,28.7346,syn,416823,
INSTR_BFREV_HF_EM,Gen8,A0,22.423,syn,397435,
INSTR_BFREV_HF_EM,Gen9LPClient,A0,38.9505,syn,416823,
INSTR_BFREV_HF_FPU,Gen8,A0,28.014,syn,397435,
INSTR_BFREV_HF_FPU,Gen9LPClient,A0,43.0566,syn,416823,
INSTR_BFREV_F_EM,Gen8,A0,23.832,syn,397435,
INSTR_BFREV_F_EM,Gen9LPClient,A0,31.0606,syn,416823,
INSTR_BFREV_F_FPU,Gen8,A0,28.519,syn,397435,
INSTR_BFREV_F_FPU,Gen9LPClient,A0,32.7057,syn,416823,
INSTR_BFREV_DF_EM,Gen9LPClient,A0,30.2404,syn,416823,
INSTR_BFREV_DF_FPU,Gen9LPClient,A0,33.3145,syn,416823,
INSTR_CBIT_UW_EM,Gen8,A0,23.832,syn,397435,
INSTR_CBIT_UW_EM,Gen9LPClient,A0,20.1284,syn,416823,
INSTR_CBIT_UW_FPU,Gen8,A0,28.519,syn,397435,
INSTR_CBIT_UW_FPU,Gen9LPClient,A0,24.1498,syn,416823,
INSTR_CBIT_W_EM,Gen8,A0,23.832,syn,397435,
INSTR_CBIT_W_EM,Gen9LPClient,A0,20.1284,syn,416823,
INSTR_CBIT_W_FPU,Gen8,A0,28.519,syn,397435,
INSTR_CBIT_W_FPU,Gen9LPClient,A0,24.1498,syn,416823,
INSTR_CBIT_UD_EM,Gen8,A0,31.084,syn,397435,
INSTR_CBIT_UD_EM,Gen9LPClient,A0,19.8035,syn,416823,
INSTR_CBIT_UD_FPU,Gen8,A0,40.206,syn,397435,
INSTR_CBIT_UD_FPU,Gen9LPClient,A0,23.6157,syn,416823,
INSTR_CBIT_D_EM,Gen8,A0,31.084,syn,397435,
INSTR_CBIT_D_EM,Gen9LPClient,A0,19.8035,syn,416823,
INSTR_CBIT_D_FPU,Gen8,A0,40.206,syn,397435,
INSTR_CBIT_D_FPU,Gen9LPClient,A0,23.6157,syn,416823,
INSTR_CBIT_UQ_EM,Gen9LPClient,A0,26.8822,syn,416823,
INSTR_CBIT_UQ_FPU,Gen9LPClient,A0,28.7346,syn,416823,
INSTR_CBIT_Q_EM,Gen9LPClient,A0,26.8822,syn,416823,
INSTR_CBIT_Q_FPU,Gen9LPClient,A0,28.7346,syn,416823,
INSTR_CBIT_HF_EM,Gen8,A0,22.423,syn,397435,
INSTR_CBIT_HF_EM,Gen9LPClient,A0,38.9505,syn,416823,
INSTR_CBIT_HF_FPU,Gen8,A0,28.014,syn,397435,
INSTR_CBIT_HF_FPU,Gen9LPClient,A0,43.0566,syn,416823,
INSTR_CBIT_F_EM,Gen8,A0,23.832,syn,397435,
INSTR_CBIT_F_EM,Gen9LPClient,A0,31.0606,syn,416823,
INSTR_CBIT_F_FPU,Gen8,A0,28.519,syn,397435,
INSTR_CBIT_F_FPU,Gen9LPClient,A0,32.7057,syn,416823,
INSTR_CBIT_DF_EM,Gen9LPClient,A0,30.2404,syn,416823,
INSTR_CBIT_DF_FPU,Gen9LPClient,A0,33.3145,syn,416823,
INSTR_CMP_UW_EM,Gen8,A0,23.832,syn,397435,
INSTR_CMP_UW_EM,Gen9LPClient,A0,20.1284,syn,416823,
INSTR_CMP_UW_FPU,Gen8,A0,28.519,syn,397435,
INSTR_CMP_UW_FPU,Gen9LPClient,A0,24.1498,syn,416823,
INSTR_CMP_W_EM,Gen8,A0,23.832,syn,397435,
INSTR_CMP_W_EM,Gen9LPClient,A0,20.1284,syn,416823,
INSTR_CMP_W_FPU,Gen8,A0,28.519,syn,397435,
INSTR_CMP_W_FPU,Gen9LPClient,A0,24.1498,syn,416823,
INSTR_CMP_UD_EM,Gen8,A0,31.084,syn,397435,
INSTR_CMP_UD_EM,Gen9LPClient,A0,19.8035,syn,416823,
INSTR_CMP_UD_FPU,Gen8,A0,40.206,syn,397435,
INSTR_CMP_UD_FPU,Gen9LPClient,A0,23.6157,syn,416823,
INSTR_CMP_D_EM,Gen8,A0,31.084,syn,397435,
INSTR_CMP_D_EM,Gen9LPClient,A0,19.8035,syn,416823,
INSTR_CMP_D_FPU,Gen8,A0,40.206,syn,397435,
INSTR_CMP_D_FPU,Gen9LPClient,A0,23.6157,syn,416823,
INSTR_CMP_UQ_EM,Gen9LPClient,A0,26.8822,syn,416823,
INSTR_CMP_UQ_FPU,Gen9LPClient,A0,28.7346,syn,416823,
INSTR_CMP_Q_EM,Gen9LPClient,A0,26.8822,syn,416823,
INSTR_CMP_Q_FPU,Gen9LPClient,A0,28.7346,syn,416823,
INSTR_CMP_HF_EM,Gen8,A0,22.423,syn,397435,
INSTR_CMP_HF_EM,Gen9LPClient,A0,38.9505,syn,416823,
INSTR_CMP_HF_FPU,Gen8,A0,28.014,syn,397435,
INSTR_CMP_HF_FPU,Gen9LPClient,A0,43.0566,syn,416823,
INSTR_CMP_F_EM,Gen8,A0,23.832,syn,397435,
INSTR_CMP_F_EM,Gen9LPClient,A0,31.0606,syn,416823,
INSTR_CMP_F_FPU,Gen8,A0,28.519,syn,397435,
INSTR_CMP_F_FPU,Gen9LPClient,A0,32.7057,syn,416823,
INSTR_CMP_DF_EM,Gen9LPClient,A0,30.2404,syn,416823,
INSTR_CMP_DF_FPU,Gen9LPClient,A0,33.3145,syn,416823,
INSTR_CMPN_UW_EM,Gen8,A0,23.832,syn,397435,
INSTR_CMPN_UW_EM,Gen9LPClient,A0,20.1284,syn,416823,
INSTR_CMPN_UW_FPU,Gen8,A0,28.519,syn,397435,
INSTR_CMPN_UW_FPU,Gen9LPClient,A0,24.1498,syn,416823,
INSTR_CMPN_W_EM,Gen8,A0,23.832,syn,397435,
INSTR_CMPN_W_EM,Gen9LPClient,A0,20.1284,syn,416823,
INSTR_CMPN_W_FPU,Gen8,A0,28.519,syn,397435,
INSTR_CMPN_W_FPU,Gen9LPClient,A0,24.1498,syn,416823,
INSTR_CMPN_UD_EM,Gen8,A0,31.084,syn,397435,
INSTR_CMPN_UD_EM,Gen9LPClient,A0,19.8035,syn,416823,
INSTR_CMPN_UD_FPU,Gen8,A0,40.206,syn,397435,
INSTR_CMPN_UD_FPU,Gen9LPClient,A0,23.6157,syn,416823,
INSTR_CMPN_D_EM,Gen8,A0,31.084,syn,397435,
INSTR_CMPN_D_EM,Gen9LPClient,A0,19.8035,syn,416823,
INSTR_CMPN_D_FPU,Gen8,A0,40.206,syn,397435,
INSTR_CMPN_D_FPU,Gen9LPClient,A0,23.6157,syn,416823,
INSTR_CMPN_UQ_EM,Gen9LPClient,A0,26.8822,syn,416823,
INSTR_CMPN_UQ_FPU,Gen9LPClient,A0,28.7346,syn,416823,
INSTR_CMPN_Q_EM,Gen9LPClient,A0,26.8822,syn,416823,
INSTR_CMPN_Q_FPU,Gen9LPClient,A0,28.7346,syn,416823,
INSTR_CMPN_HF_EM,Gen8,A0,22.423,syn,397435,
INSTR_CMPN_HF_EM,Gen9LPClient,A0,38.9505,syn,416823,
INSTR_CMPN_HF_FPU,Gen8,A0,28.014,syn,397435,
INSTR_CMPN_HF_FPU,Gen9LPClient,A0,43.0566,syn,416823,
INSTR_CMPN_F_EM,Gen8,A0,23.832,syn,397435,
INSTR_CMPN_F_EM,Gen9LPClient,A0,31.0606,syn,416823,
INSTR_CMPN_F_FPU,Gen8,A0,28.519,syn,397435,
INSTR_CMPN_F_FPU,Gen9LPClient,A0,32.7057,syn,416823,
INSTR_CMPN_DF_EM,Gen9LPClient,A0,30.2404,syn,416823,
INSTR_CMPN_DF_FPU,Gen9LPClient,A0,33.3145,syn,416823,
INSTR_DP2_UW_EM,Gen8,A0,34.165,syn,397435,
INSTR_DP2_UW_EM,Gen9LPClient,A0,59.6147,syn,416823,
INSTR_DP2_UW_FPU,Gen8,A0,40.178,syn,397435,
INSTR_DP2_UW_FPU,Gen9LPClient,A0,62.7369,syn,416823,
INSTR_DP2_W_EM,Gen8,A0,34.165,syn,397435,
INSTR_DP2_W_EM,Gen9LPClient,A0,59.6147,syn,416823,
INSTR_DP2_W_FPU,Gen8,A0,40.178,syn,397435,
INSTR_DP2_W_FPU,Gen9LPClient,A0,62.7369,syn,416823,
INSTR_DP2_UD_EM,Gen8,A0,36.174,syn,397435,
INSTR_DP2_UD_EM,Gen9LPClient,A0,91.7888,syn,416823,
INSTR_DP2_UD_FPU,Gen8,A0,42.541,syn,397435,
INSTR_DP2_UD_FPU,Gen9LPClient,A0,99.2137,syn,416823,
INSTR_DP2_D_EM,Gen8,A0,36.174,syn,397435,
INSTR_DP2_D_EM,Gen9LPClient,A0,91.7888,syn,416823,
INSTR_DP2_D_FPU,Gen8,A0,42.541,syn,397435,
INSTR_DP2_D_FPU,Gen9LPClient,A0,99.2137,syn,416823,
INSTR_DP2_UQ_EM,Gen9LPClient,A0,91.7888,syn,416823,
INSTR_DP2_UQ_FPU,Gen9LPClient,A0,99.2137,syn,416823,
INSTR_DP2_Q_EM,Gen9LPClient,A0,91.7888,syn,416823,
INSTR_DP2_Q_FPU,Gen9LPClient,A0,99.2137,syn,416823,
INSTR_DP2_HF_EM,Gen8,A0,27.967,syn,397435,
INSTR_DP2_HF_EM,Gen9LPClient,A0,50.3799,syn,416823,
INSTR_DP2_HF_FPU,Gen8,A0,33.409,syn,397435,
INSTR_DP2_HF_FPU,Gen9LPClient,A0,55.2856,syn,416823,
INSTR_DP2_F_EM,Gen8,A0,40.194,syn,397435,
INSTR_DP2_F_EM,Gen9LPClient,A0,61.7538,syn,416823,
INSTR_DP2_F_FPU,Gen8,A0,47.267,syn,397435,
INSTR_DP2_F_FPU,Gen9LPClient,A0,64.0435,syn,416823,
INSTR_DP2_DF_EM,Gen9LPClient,A0,79.6693,syn,416823,
INSTR_DP2_DF_FPU,Gen9LPClient,A0,82.2769,syn,416823,
INSTR_DP3_UW_EM,Gen8,A0,34.165,syn,397435,
INSTR_DP3_UW_EM,Gen9LPClient,A0,59.6147,syn,416823,
INSTR_DP3_UW_FPU,Gen8,A0,40.178,syn,397435,
INSTR_DP3_UW_FPU,Gen9LPClient,A0,62.7369,syn,416823,
INSTR_DP3_W_EM,Gen8,A0,34.165,syn,397435,
INSTR_DP3_W_EM,Gen9LPClient,A0,59.6147,syn,416823,
INSTR_DP3_W_FPU,Gen8,A0,40.178,syn,397435,
INSTR_DP3_W_FPU,Gen9LPClient,A0,62.7369,syn,416823,
INSTR_DP3_UD_EM,Gen8,A0,36.174,syn,397435,
INSTR_DP3_UD_EM,Gen9LPClient,A0,91.7888,syn,416823,
INSTR_DP3_UD_FPU,Gen8,A0,42.541,syn,397435,
INSTR_DP3_UD_FPU,Gen9LPClient,A0,99.2137,syn,416823,
INSTR_DP3_D_EM,Gen8,A0,36.174,syn,397435,
INSTR_DP3_D_EM,Gen9LPClient,A0,91.7888,syn,416823,
INSTR_DP3_D_FPU,Gen8,A0,42.541,syn,397435,
INSTR_DP3_D_FPU,Gen9LPClient,A0,99.2137,syn,416823,
INSTR_DP3_UQ_EM,Gen9LPClient,A0,91.7888,syn,416823,
INSTR_DP3_UQ_FPU,Gen9LPClient,A0,99.2137,syn,416823,
INSTR_DP3_Q_EM,Gen9LPClient,A0,91.7888,syn,416823,
INSTR_DP3_Q_FPU,Gen9LPClient,A0,99.2137,syn,416823,
INSTR_DP3_HF_EM,Gen8,A0,27.967,syn,397435,
INSTR_DP3_HF_EM,Gen9LPClient,A0,50.3799,syn,416823,
INSTR_DP3_HF_FPU,Gen8,A0,33.409,syn,397435,
INSTR_DP3_HF_FPU,Gen9LPClient,A0,55.2856,syn,416823,
INSTR_DP3_F_EM,Gen8,A0,40.194,syn,397435,
INSTR_DP3_F_EM,Gen9LPClient,A0,61.7538,syn,416823,
INSTR_DP3_F_FPU,Gen8,A0,47.267,syn,397435,
INSTR_DP3_F_FPU,Gen9LPClient,A0,64.0435,syn,416823,
INSTR_DP3_DF_EM,Gen9LPClient,A0,79.6693,syn,416823,
INSTR_DP3_DF_FPU,Gen9LPClient,A0,82.2769,syn,416823,
INSTR_DP4_UW_EM,Gen8,A0,34.165,syn,397435,
INSTR_DP4_UW_EM,Gen9LPClient,A0,59.6147,syn,416823,
INSTR_DP4_UW_FPU,Gen8,A0,40.178,syn,397435,
INSTR_DP4_UW_FPU,Gen9LPClient,A0,62.7369,syn,416823,
INSTR_DP4_W_EM,Gen8,A0,34.165,syn,397435,
INSTR_DP4_W_EM,Gen9LPClient,A0,59.6147,syn,416823,
INSTR_DP4_W_FPU,Gen8,A0,40.178,syn,397435,
INSTR_DP4_W_FPU,Gen9LPClient,A0,62.7369,syn,416823,
INSTR_DP4_UD_EM,Gen8,A0,36.174,syn,397435,
INSTR_DP4_UD_EM,Gen9LPClient,A0,91.7888,syn,416823,
INSTR_DP4_UD_FPU,Gen8,A0,42.541,syn,397435,
INSTR_DP4_UD_FPU,Gen9LPClient,A0,99.2137,syn,416823,
INSTR_DP4_D_EM,Gen8,A0,36.174,syn,397435,
INSTR_DP4_D_EM,Gen9LPClient,A0,91.7888,syn,416823,
INSTR_DP4_D_FPU,Gen8,A0,42.541,syn,397435,
INSTR_DP4_D_FPU,Gen9LPClient,A0,99.2137,syn,416823,
INSTR_DP4_UQ_EM,Gen9LPClient,A0,91.7888,syn,416823,
INSTR_DP4_UQ_FPU,Gen9LPClient,A0,99.2137,syn,416823,
INSTR_DP4_Q_EM,Gen9LPClient,A0,91.7888,syn,416823,
INSTR_DP4_Q_FPU,Gen9LPClient,A0,99.2137,syn,416823,
INSTR_DP4_HF_EM,Gen8,A0,27.967,syn,397435,
INSTR_DP4_HF_EM,Gen9LPClient,A0,50.3799,syn,416823,
INSTR_DP4_HF_FPU,Gen8,A0,33.409,syn,397435,
INSTR_DP4_HF_FPU,Gen9LPClient,A0,55.2856,syn,416823,
INSTR_DP4_F_EM,Gen8,A0,40.194,syn,397435,
INSTR_DP4_F_EM,Gen9LPClient,A0,61.7538,syn,416823,
INSTR_DP4_F_FPU,Gen8,A0,47.267,syn,397435,
INSTR_DP4_F_FPU,Gen9LPClient,A0,64.0435,syn,416823,
INSTR_DP4_DF_EM,Gen9LPClient,A0,79.6693,syn,416823,
INSTR_DP4_DF_FPU,Gen9LPClient,A0,82.2769,syn,416823,
INSTR_DPH_UW_EM,Gen8,A0,34.165,syn,397435,
INSTR_DPH_UW_EM,Gen9LPClient,A0,59.6147,syn,416823,
INSTR_DPH_UW_FPU,Gen8,A0,40.178,syn,397435,
INSTR_DPH_UW_FPU,Gen9LPClient,A0,62.7369,syn,416823,
INSTR_DPH_W_EM,Gen8,A0,34.165,syn,397435,
INSTR_DPH_W_EM,Gen9LPClient,A0,59.6147,syn,416823,
INSTR_DPH_W_FPU,Gen8,A0,40.178,syn,397435,
INSTR_DPH_W_FPU,Gen9LPClient,A0,62.7369,syn,416823,
INSTR_DPH_UD_EM,Gen8,A0,36.174,syn,397435,
INSTR_DPH_UD_EM,Gen9LPClient,A0,91.7888,syn,416823,
INSTR_DPH_UD_FPU,Gen8,A0,42.541,syn,397435,
INSTR_DPH_UD_FPU,Gen9LPClient,A0,99.2137,syn,416823,
INSTR_DPH_D_EM,Gen8,A0,36.174,syn,397435,
INSTR_DPH_D_EM,Gen9LPClient,A0,91.7888,syn,416823,
INSTR_DPH_D_FPU,Gen8,A0,42.541,syn,397435,
INSTR_DPH_D_FPU,Gen9LPClient,A0,99.2137,syn,416823,
INSTR_DPH_UQ_EM,Gen9LPClient,A0,91.7888,syn,416823,
INSTR_DPH_UQ_FPU,Gen9LPClient,A0,99.2137,syn,416823,
INSTR_DPH_Q_EM,Gen9LPClient,A0,91.7888,syn,416823,
INSTR_DPH_Q_FPU,Gen9LPClient,A0,99.2137,syn,416823,
INSTR_DPH_HF_EM,Gen8,A0,27.967,syn,397435,
INSTR_DPH_HF_EM,Gen9LPClient,A0,50.3799,syn,416823,
INSTR_DPH_HF_FPU,Gen8,A0,33.409,syn,397435,
INSTR_DPH_HF_FPU,Gen9LPClient,A0,55.2856,syn,416823,
INSTR_DPH_F_EM,Gen8,A0,40.194,syn,397435,
INSTR_DPH_F_EM,Gen9LPClient,A0,61.7538,syn,416823,
INSTR_DPH_F_FPU,Gen8,A0,47.267,syn,397435,
INSTR_DPH_F_FPU,Gen9LPClient,A0,64.0435,syn,416823,
INSTR_DPH_DF_EM,Gen9LPClient,A0,79.6693,syn,416823,
INSTR_DPH_DF_FPU,Gen9LPClient,A0,82.2769,syn,416823,
INSTR_F16TO32_UW_EM,Gen8,A0,23.832,syn,397435,
INSTR_F16TO32_UW_EM,Gen9LPClient,A0,20.1284,syn,416823,
INSTR_F16TO32_UW_FPU,Gen8,A0,28.519,syn,397435,
INSTR_F16TO32_UW_FPU,Gen9LPClient,A0,24.1498,syn,416823,
INSTR_F16TO32_W_EM,Gen8,A0,23.832,syn,397435,
INSTR_F16TO32_W_EM,Gen9LPClient,A0,20.1284,syn,416823,
INSTR_F16TO32_W_FPU,Gen8,A0,28.519,syn,397435,
INSTR_F16TO32_W_FPU,Gen9LPClient,A0,24.1498,syn,416823,
INSTR_F16TO32_UD_EM,Gen8,A0,31.084,syn,397435,
INSTR_F16TO32_UD_EM,Gen9LPClient,A0,19.8035,syn,416823,
INSTR_F16TO32_UD_FPU,Gen8,A0,40.206,syn,397435,
INSTR_F16TO32_UD_FPU,Gen9LPClient,A0,23.6157,syn,416823,
INSTR_F16TO32_D_EM,Gen8,A0,31.084,syn,397435,
INSTR_F16TO32_D_EM,Gen9LPClient,A0,19.8035,syn,416823,
INSTR_F16TO32_D_FPU,Gen8,A0,40.206,syn,397435,
INSTR_F16TO32_D_FPU,Gen9LPClient,A0,23.6157,syn,416823,
INSTR_F16TO32_UQ_EM,Gen9LPClient,A0,26.8822,syn,416823,
INSTR_F16TO32_UQ_FPU,Gen9LPClient,A0,28.7346,syn,416823,
INSTR_F16TO32_Q_EM,Gen9LPClient,A0,26.8822,syn,416823,
INSTR_F16TO32_Q_FPU,Gen9LPClient,A0,28.7346,syn,416823,
INSTR_F16TO32_HF_EM,Gen8,A0,22.423,syn,397435,
INSTR_F16TO32_HF_EM,Gen9LPClient,A0,38.9505,syn,416823,
INSTR_F16TO32_HF_FPU,Gen8,A0,28.014,syn,397435,
INSTR_F16TO32_HF_FPU,Gen9LPClient,A0,43.0566,syn,416823,
INSTR_F16TO32_F_EM,Gen8,A0,23.832,syn,397435,
INSTR_F16TO32_F_EM,Gen9LPClient,A0,31.0606,syn,416823,
INSTR_F16TO32_F_FPU,Gen8,A0,28.519,syn,397435,
INSTR_F16TO32_F_FPU,Gen9LPClient,A0,32.7057,syn,416823,
INSTR_F16TO32_DF_EM,Gen9LPClient,A0,30.2404,syn,416823,
INSTR_F16TO32_DF_FPU,Gen9LPClient,A0,33.3145,syn,416823,
INSTR_F32TO16_UW_EM,Gen8,A0,23.832,syn,397435,
INSTR_F32TO16_UW_EM,Gen9LPClient,A0,20.1284,syn,416823,
INSTR_F32TO16_UW_FPU,Gen8,A0,28.519,syn,397435,
INSTR_F32TO16_UW_FPU,Gen9LPClient,A0,24.1498,syn,416823,
INSTR_F32TO16_W_EM,Gen8,A0,23.832,syn,397435,
INSTR_F32TO16_W_EM,Gen9LPClient,A0,20.1284,syn,416823,
INSTR_F32TO16_W_FPU,Gen8,A0,28.519,syn,397435,
INSTR_F32TO16_W_FPU,Gen9LPClient,A0,24.1498,syn,416823,
INSTR_F32TO16_UD_EM,Gen8,A0,31.084,syn,397435,
INSTR_F32TO16_UD_EM,Gen9LPClient,A0,19.8035,syn,416823,
INSTR_F32TO16_UD_FPU,Gen8,A0,40.206,syn,397435,
INSTR_F32TO16_UD_FPU,Gen9LPClient,A0,23.6157,syn,416823,
INSTR_F32TO16_D_EM,Gen8,A0,31.084,syn,397435,
INSTR_F32TO16_D_EM,Gen9LPClient,A0,19.8035,syn,416823,
INSTR_F32TO16_D_FPU,Gen8,A0,40.206,syn,397435,
INSTR_F32TO16_D_FPU,Gen9LPClient,A0,23.6157,syn,416823,
INSTR_F32TO16_UQ_EM,Gen9LPClient,A0,26.8822,syn,416823,
INSTR_F32TO16_UQ_FPU,Gen9LPClient,A0,28.7346,syn,416823,
INSTR_F32TO16_Q_EM,Gen9LPClient,A0,26.8822,syn,416823,
INSTR_F32TO16_Q_FPU,Gen9LPClient,A0,28.7346,syn,416823,
INSTR_F32TO16_HF_EM,Gen8,A0,22.423,syn,397435,
INSTR_F32TO16_HF_EM,Gen9LPClient,A0,38.9505,syn,416823,
INSTR_F32TO16_HF_FPU,Gen8,A0,28.014,syn,397435,
INSTR_F32TO16_HF_FPU,Gen9LPClient,A0,43.0566,syn,416823,
INSTR_F32TO16_F_EM,Gen8,A0,23.832,syn,397435,
INSTR_F32TO16_F_EM,Gen9LPClient,A0,31.0606,syn,416823,
INSTR_F32TO16_F_FPU,Gen8,A0,28.519,syn,397435,
INSTR_F32TO16_F_FPU,Gen9LPClient,A0,32.7057,syn,416823,
INSTR_F32TO16_DF_EM,Gen9LPClient,A0,30.2404,syn,416823,
INSTR_F32TO16_DF_FPU,Gen9LPClient,A0,33.3145,syn,416823,
INSTR_FBH_UW_EM,Gen8,A0,23.832,syn,397435,
INSTR_FBH_UW_EM,Gen9LPClient,A0,20.1284,syn,416823,
INSTR_FBH_UW_FPU,Gen8,A0,28.519,syn,397435,
INSTR_FBH_UW_FPU,Gen9LPClient,A0,24.1498,syn,416823,
INSTR_FBH_W_EM,Gen8,A0,23.832,syn,397435,
INSTR_FBH_W_EM,Gen9LPClient,A0,20.1284,syn,416823,
INSTR_FBH_W_FPU,Gen8,A0,28.519,syn,397435,
INSTR_FBH_W_FPU,Gen9LPClient,A0,24.1498,syn,416823,
INSTR_FBH_UD_EM,Gen8,A0,31.084,syn,397435,
INSTR_FBH_UD_EM,Gen9LPClient,A0,19.8035,syn,416823,
INSTR_FBH_UD_FPU,Gen8,A0,40.206,syn,397435,
INSTR_FBH_UD_FPU,Gen9LPClient,A0,23.6157,syn,416823,
INSTR_FBH_D_EM,Gen8,A0,31.084,syn,397435,
INSTR_FBH_D_EM,Gen9LPClient,A0,19.8035,syn,416823,
INSTR_FBH_D_FPU,Gen8,A0,40.206,syn,397435,
INSTR_FBH_D_FPU,Gen9LPClient,A0,23.6157,syn,416823,
INSTR_FBH_UQ_EM,Gen9LPClient,A0,26.8822,syn,416823,
INSTR_FBH_UQ_FPU,Gen9LPClient,A0,28.7346,syn,416823,
INSTR_FBH_Q_EM,Gen9LPClient,A0,26.8822,syn,416823,
INSTR_FBH_Q_FPU,Gen9LPClient,A0,28.7346,syn,416823,
INSTR_FBH_HF_EM,Gen8,A0,22.423,syn,397435,
INSTR_FBH_HF_EM,Gen9LPClient,A0,38.9505,syn,416823,
INSTR_FBH_HF_FPU,Gen8,A0,28.014,syn,397435,
INSTR_FBH_HF_FPU,Gen9LPClient,A0,43.0566,syn,416823,
INSTR_FBH_F_EM,Gen8,A0,23.832,syn,397435,
INSTR_FBH_F_EM,Gen9LPClient,A0,31.0606,syn,416823,
INSTR_FBH_F_FPU,Gen8,A0,28.519,syn,397435,
INSTR_FBH_F_FPU,Gen9LPClient,A0,32.7057,syn,416823,
INSTR_FBH_DF_EM,Gen9LPClient,A0,30.2404,syn,416823,
INSTR_FBH_DF_FPU,Gen9LPClient,A0,33.3145,syn,416823,
INSTR_FBL_UW_EM,Gen8,A0,23.832,syn,397435,
INSTR_FBL_UW_EM,Gen9LPClient,A0,20.1284,syn,416823,
INSTR_FBL_UW_FPU,Gen8,A0,28.519,syn,397435,
INSTR_FBL_UW_FPU,Gen9LPClient,A0,24.1498,syn,416823,
INSTR_FBL_W_EM,Gen8,A0,23.832,syn,397435,
INSTR_FBL_W_EM,Gen9LPClient,A0,20.1284,syn,416823,
INSTR_FBL_W_FPU,Gen8,A0,28.519,syn,397435,
INSTR_FBL_W_FPU,Gen9LPClient,A0,24.1498,syn,416823,
INSTR_FBL_UD_EM,Gen8,A0,31.084,syn,397435,
INSTR_FBL_UD_EM,Gen9LPClient,A0,19.8035,syn,416823,
INSTR_FBL_UD_FPU,Gen8,A0,40.206,syn,397435,
INSTR_FBL_UD_FPU,Gen9LPClient,A0,23.6157,syn,416823,
INSTR_FBL_D_EM,Gen8,A0,31.084,syn,397435,
INSTR_FBL_D_EM,Gen9LPClient,A0,19.8035,syn,416823,
INSTR_FBL_D_FPU,Gen8,A0,40.206,syn,397435,
INSTR_FBL_D_FPU,Gen9LPClient,A0,23.6157,syn,416823,
INSTR_FBL_UQ_EM,Gen9LPClient,A0,26.8822,syn,416823,
INSTR_FBL_UQ_FPU,Gen9LPClient,A0,28.7346,syn,416823,
INSTR_FBL_Q_EM,Gen9LPClient,A0,26.8822,syn,416823,
INSTR_FBL_Q_FPU,Gen9LPClient,A0,28.7346,syn,416823,
INSTR_FBL_HF_EM,Gen8,A0,22.423,syn,397435,
INSTR_FBL_HF_EM,Gen9LPClient,A0,38.9505,syn,416823,
INSTR_FBL_HF_FPU,Gen8,A0,28.014,syn,397435,
INSTR_FBL_HF_FPU,Gen9LPClient,A0,43.0566,syn,416823,
INSTR_FBL_F_EM,Gen8,A0,23.832,syn,397435,
INSTR_FBL_F_EM,Gen9LPClient,A0,31.0606,syn,416823,
INSTR_FBL_F_FPU,Gen8,A0,28.519,syn,397435,
INSTR_FBL_F_FPU,Gen9LPClient,A0,32.7057,syn,416823,
INSTR_FBL_DF_EM,Gen9LPClient,A0,30.2404,syn,416823,
INSTR_FBL_DF_FPU,Gen9LPClient,A0,33.3145,syn,416823,
INSTR_FRC_UW_EM,Gen8,A0,34.165,syn,397435,
INSTR_FRC_UW_EM,Gen9LPClient,A0,59.6147,syn,416823,
INSTR_FRC_UW_FPU,Gen8,A0,40.178,syn,397435,
INSTR_FRC_UW_FPU,Gen9LPClient,A0,62.7369,syn,416823,
INSTR_FRC_W_EM,Gen8,A0,34.165,syn,397435,
INSTR_FRC_W_EM,Gen9LPClient,A0,59.6147,syn,416823,
INSTR_FRC_W_FPU,Gen8,A0,40.178,syn,397435,
INSTR_FRC_W_FPU,Gen9LPClient,A0,62.7369,syn,416823,
INSTR_FRC_UD_EM,Gen8,A0,36.174,syn,397435,
INSTR_FRC_UD_EM,Gen9LPClient,A0,91.7888,syn,416823,
INSTR_FRC_UD_FPU,Gen8,A0,42.541,syn,397435,
INSTR_FRC_UD_FPU,Gen9LPClient,A0,99.2137,syn,416823,
INSTR_FRC_D_EM,Gen8,A0,36.174,syn,397435,
INSTR_FRC_D_EM,Gen9LPClient,A0,91.7888,syn,416823,
INSTR_FRC_D_FPU,Gen8,A0,42.541,syn,397435,
INSTR_FRC_D_FPU,Gen9LPClient,A0,99.2137,syn,416823,
INSTR_FRC_UQ_EM,Gen9LPClient,A0,91.7888,syn,416823,
INSTR_FRC_UQ_FPU,Gen9LPClient,A0,99.2137,syn,416823,
INSTR_FRC_Q_EM,Gen9LPClient,A0,91.7888,syn,416823,
INSTR_FRC_Q_FPU,Gen9LPClient,A0,99.2137,syn,416823,
INSTR_FRC_HF_EM,Gen8,A0,27.967,syn,397435,
INSTR_FRC_HF_EM,Gen9LPClient,A0,50.3799,syn,416823,
INSTR_FRC_HF_FPU,Gen8,A0,33.409,syn,397435,
INSTR_FRC_HF_FPU,Gen9LPClient,A0,55.2856,syn,416823,
INSTR_FRC_F_EM,Gen8,A0,40.194,syn,397435,
INSTR_FRC_F_EM,Gen9LPClient,A0,61.7538,syn,416823,
INSTR_FRC_F_FPU,Gen8,A0,47.267,syn,397435,
INSTR_FRC_F_FPU,Gen9LPClient,A0,64.0435,syn,416823,
INSTR_FRC_DF_EM,Gen9LPClient,A0,79.6693,syn,416823,
INSTR_FRC_DF_FPU,Gen9LPClient,A0,82.2769,syn,416823,
INSTR_LINE_UW_EM,Gen8,A0,34.165,syn,397435,
INSTR_LINE_UW_EM,Gen9LPClient,A0,59.6147,syn,416823,
INSTR_LINE_UW_FPU,Gen8,A0,40.178,syn,397435,
INSTR_LINE_UW_FPU,Gen9LPClient,A0,62.7369,syn,416823,
INSTR_LINE_W_EM,Gen8,A0,34.165,syn,397435,
INSTR_LINE_W_EM,Gen9LPClient,A0,59.6147,syn,416823,
INSTR_LINE_W_FPU,Gen8,A0,40.178,syn,397435,
INSTR_LINE_W_FPU,Gen9LPClient,A0,62.7369,syn,416823,
INSTR_LINE_UD_EM,Gen8,A0,36.174,syn,397435,
INSTR_LINE_UD_EM,Gen9LPClient,A0,91.7888,syn,416823,
INSTR_LINE_UD_FPU,Gen8,A0,42.541,syn,397435,
INSTR_LINE_UD_FPU,Gen9LPClient,A0,99.2137,syn,416823,
INSTR_LINE_D_EM,Gen8,A0,36.174,syn,397435,
INSTR_LINE_D_EM,Gen9LPClient,A0,91.7888,syn,416823,
INSTR_LINE_D_FPU,Gen8,A0,42.541,syn,397435,
INSTR_LINE_D_FPU,Gen9LPClient,A0,99.2137,syn,416823,
INSTR_LINE_UQ_EM,Gen9LPClient,A0,91.7888,syn,416823,
INSTR_LINE_UQ_FPU,Gen9LPClient,A0,99.2137,syn,416823,
INSTR_LINE_Q_EM,Gen9LPClient,A0,91.7888,syn,416823,
INSTR_LINE_Q_FPU,Gen9LPClient,A0,99.2137,syn,416823,
INSTR_LINE_HF_EM,Gen8,A0,27.967,syn,397435,
INSTR_LINE_HF_EM,Gen9LPClient,A0,50.3799,syn,416823,
INSTR_LINE_HF_FPU,Gen8,A0,33.409,syn,397435,
INSTR_LINE_HF_FPU,Gen9LPClient,A0,55.2856,syn,416823,
INSTR_LINE_F_EM,Gen8,A0,40.194,syn,397435,
INSTR_LINE_F_EM,Gen9LPClient,A0,61.7538,syn,416823,
INSTR_LINE_F_FPU,Gen8,A0,47.267,syn,397435,
INSTR_LINE_F_FPU,Gen9LPClient,A0,64.0435,syn,416823,
INSTR_LINE_DF_EM,Gen9LPClient,A0,79.6693,syn,416823,
INSTR_LINE_DF_FPU,Gen9LPClient,A0,82.2769,syn,416823,
INSTR_LZD_UW_EM,Gen8,A0,34.165,syn,397435,
INSTR_LZD_UW_EM,Gen9LPClient,A0,59.6147,syn,416823,
INSTR_LZD_UW_FPU,Gen8,A0,40.178,syn,397435,
INSTR_LZD_UW_FPU,Gen9LPClient,A0,62.7369,syn,416823,
INSTR_LZD_W_EM,Gen8,A0,34.165,syn,397435,
INSTR_LZD_W_EM,Gen9LPClient,A0,59.6147,syn,416823,
INSTR_LZD_W_FPU,Gen8,A0,40.178,syn,397435,
INSTR_LZD_W_FPU,Gen9LPClient,A0,62.7369,syn,416823,
INSTR_LZD_UD_EM,Gen8,A0,36.174,syn,397435,
INSTR_LZD_UD_EM,Gen9LPClient,A0,91.7888,syn,416823,
INSTR_LZD_UD_FPU,Gen8,A0,42.541,syn,397435,
INSTR_LZD_UD_FPU,Gen9LPClient,A0,99.2137,syn,416823,
INSTR_LZD_D_EM,Gen8,A0,36.174,syn,397435,
INSTR_LZD_D_EM,Gen9LPClient,A0,91.7888,syn,416823,
INSTR_LZD_D_FPU,Gen8,A0,42.541,syn,397435,
INSTR_LZD_D_FPU,Gen9LPClient,A0,99.2137,syn,416823,
INSTR_LZD_UQ_EM,Gen9LPClient,A0,91.7888,syn,416823,
INSTR_LZD_UQ_FPU,Gen9LPClient,A0,99.2137,syn,416823,
INSTR_LZD_Q_EM,Gen9LPClient,A0,91.7888,syn,416823,
INSTR_LZD_Q_FPU,Gen9LPClient,A0,99.2137,syn,416823,
INSTR_LZD_HF_EM,Gen8,A0,27.967,syn,397435,
INSTR_LZD_HF_EM,Gen9LPClient,A0,50.3799,syn,416823,
INSTR_LZD_HF_FPU,Gen8,A0,33.409,syn,397435,
INSTR_LZD_HF_FPU,Gen9LPClient,A0,55.2856,syn,416823,
INSTR_LZD_F_EM,Gen8,A0,40.194,syn,397435,
INSTR_LZD_F_EM,Gen9LPClient,A0,61.7538,syn,416823,
INSTR_LZD_F_FPU,Gen8,A0,47.267,syn,397435,
INSTR_LZD_F_FPU,Gen9LPClient,A0,64.0435,syn,416823,
INSTR_LZD_DF_EM,Gen9LPClient,A0,79.6693,syn,416823,
INSTR_LZD_DF_FPU,Gen9LPClient,A0,82.2769,syn,416823,
INSTR_LRP_UW_EM,Gen8,A0,100.057,syn,397435,
INSTR_LRP_UW_EM,Gen9LPClient,A0,0,syn,416823,
INSTR_LRP_UW_FPU,Gen8,A0,107.333,syn,397435,
INSTR_LRP_UW_FPU,Gen9LPClient,A0,0,syn,416823,
INSTR_LRP_W_EM,Gen8,A0,100.057,syn,397435,
INSTR_LRP_W_EM,Gen9LPClient,A0,0,syn,416823,
INSTR_LRP_W_FPU,Gen8,A0,107.333,syn,397435,
INSTR_LRP_W_FPU,Gen9LPClient,A0,0,syn,416823,
INSTR_LRP_UD_EM,Gen8,A0,105.942,syn,397435,
INSTR_LRP_UD_EM,Gen9LPClient,A0,0,syn,416823,
INSTR_LRP_UD_FPU,Gen8,A0,113.647,syn,397435,
INSTR_LRP_UD_FPU,Gen9LPClient,A0,0,syn,416823,
INSTR_LRP_D_EM,Gen8,A0,105.942,syn,397435,
INSTR_LRP_D_EM,Gen9LPClient,A0,0,syn,416823,
INSTR_LRP_D_FPU,Gen8,A0,113.647,syn,397435,
INSTR_LRP_D_FPU,Gen9LPClient,A0,0,syn,416823,
INSTR_LRP_UQ_EM,Gen9LPClient,A0,0,syn,416823,
INSTR_LRP_UQ_FPU,Gen9LPClient,A0,0,syn,416823,
INSTR_LRP_Q_EM,Gen9LPClient,A0,0,syn,416823,
INSTR_LRP_Q_FPU,Gen9LPClient,A0,0,syn,416823,
INSTR_LRP_HF_EM,Gen8,A0,70.628,syn,397435,
INSTR_LRP_HF_EM,Gen9LPClient,A0,0,syn,416823,
INSTR_LRP_HF_FPU,Gen8,A0,75.765,syn,397435,
INSTR_LRP_HF_FPU,Gen9LPClient,A0,0,syn,416823,
INSTR_LRP_F_EM,Gen8,A0,117.714,syn,397435,
INSTR_LRP_F_EM,Gen9LPClient,A0,74.1357,syn,416823,
INSTR_LRP_F_FPU,Gen8,A0,126.275,syn,397435,
INSTR_LRP_F_FPU,Gen9LPClient,A0,76.2688,syn,416823,
INSTR_LRP_DF_EM,Gen9LPClient,A0,0,syn,416823,
INSTR_LRP_DF_FPU,Gen9LPClient,A0,0,syn,416823,
INSTR_MAC_UW_EM,Gen8,A0,34.165,syn,397435,
INSTR_MAC_UW_EM,Gen9LPClient,A0,59.6147,syn,416823,
INSTR_MAC_UW_FPU,Gen8,A0,40.178,syn,397435,
INSTR_MAC_UW_FPU,Gen9LPClient,A0,62.7369,syn,416823,
INSTR_MAC_W_EM,Gen8,A0,34.165,syn,397435,
INSTR_MAC_W_EM,Gen9LPClient,A0,59.6147,syn,416823,
INSTR_MAC_W_FPU,Gen8,A0,40.178,syn,397435,
INSTR_MAC_W_FPU,Gen9LPClient,A0,62.7369,syn,416823,
INSTR_MAC_UD_EM,Gen8,A0,36.174,syn,397435,
INSTR_MAC_UD_EM,Gen9LPClient,A0,91.7888,syn,416823,
INSTR_MAC_UD_FPU,Gen8,A0,42.541,syn,397435,
INSTR_MAC_UD_FPU,Gen9LPClient,A0,99.2137,syn,416823,
INSTR_MAC_D_EM,Gen8,A0,36.174,syn,397435,
INSTR_MAC_D_EM,Gen9LPClient,A0,91.7888,syn,416823,
INSTR_MAC_D_FPU,Gen8,A0,42.541,syn,397435,
INSTR_MAC_D_FPU,Gen9LPClient,A0,99.2137,syn,416823,
INSTR_MAC_UQ_EM,Gen9LPClient,A0,91.7888,syn,416823,
INSTR_MAC_UQ_FPU,Gen9LPClient,A0,99.2137,syn,416823,
INSTR_MAC_Q_EM,Gen9LPClient,A0,91.7888,syn,416823,
INSTR_MAC_Q_FPU,Gen9LPClient,A0,99.2137,syn,416823,
INSTR_MAC_HF_EM,Gen8,A0,27.967,syn,397435,
INSTR_MAC_HF_EM,Gen9LPClient,A0,50.3799,syn,416823,
INSTR_MAC_HF_FPU,Gen8,A0,33.409,syn,397435,
INSTR_MAC_HF_FPU,Gen9LPClient,A0,55.2856,syn,416823,
INSTR_MAC_F_EM,Gen8,A0,40.194,syn,397435,
INSTR_MAC_F_EM,Gen9LPClient,A0,61.7538,syn,416823,
INSTR_MAC_F_FPU,Gen8,A0,47.267,syn,397435,
INSTR_MAC_F_FPU,Gen9LPClient,A0,64.0435,syn,416823,
INSTR_MAC_DF_EM,Gen9LPClient,A0,79.6693,syn,416823,
INSTR_MAC_DF_FPU,Gen9LPClient,A0,82.2769,syn,416823,
INSTR_MACH_UW_EM,Gen8,A0,34.165,syn,397435,
INSTR_MACH_UW_EM,Gen9LPClient,A0,59.6147,syn,416823,
INSTR_MACH_UW_FPU,Gen8,A0,40.178,syn,397435,
INSTR_MACH_UW_FPU,Gen9LPClient,A0,62.7369,syn,416823,
INSTR_MACH_W_EM,Gen8,A0,34.165,syn,397435,
INSTR_MACH_W_EM,Gen9LPClient,A0,59.6147,syn,416823,
INSTR_MACH_W_FPU,Gen8,A0,40.178,syn,397435,
INSTR_MACH_W_FPU,Gen9LPClient,A0,62.7369,syn,416823,
INSTR_MACH_UD_EM,Gen8,A0,36.174,syn,397435,
INSTR_MACH_UD_EM,Gen9LPClient,A0,91.7888,syn,416823,
INSTR_MACH_UD_FPU,Gen8,A0,42.541,syn,397435,
INSTR_MACH_UD_FPU,Gen9LPClient,A0,99.2137,syn,416823,
INSTR_MACH_D_EM,Gen8,A0,36.174,syn,397435,
INSTR_MACH_D_EM,Gen9LPClient,A0,91.7888,syn,416823,
INSTR_MACH_D_FPU,Gen8,A0,42.541,syn,397435,
INSTR_MACH_D_FPU,Gen9LPClient,A0,99.2137,syn,416823,
INSTR_MACH_UQ_EM,Gen9LPClient,A0,91.7888,syn,416823,
INSTR_MACH_UQ_FPU,Gen9LPClient,A0,99.2137,syn,416823,
INSTR_MACH_Q_EM,Gen9LPClient,A0,91.7888,syn,416823,
INSTR_MACH_Q_FPU,Gen9LPClient,A0,99.2137,syn,416823,
INSTR_MACH_HF_EM,Gen8,A0,27.967,syn,397435,
INSTR_MACH_HF_EM,Gen9LPClient,A0,50.3799,syn,416823,
INSTR_MACH_HF_FPU,Gen8,A0,33.409,syn,397435,
INSTR_MACH_HF_FPU,Gen9LPClient,A0,55.2856,syn,416823,
INSTR_MACH_F_EM,Gen8,A0,40.194,syn,397435,
INSTR_MACH_F_EM,Gen9LPClient,A0,61.7538,syn,416823,
INSTR_MACH_F_FPU,Gen8,A0,47.267,syn,397435,
INSTR_MACH_F_FPU,Gen9LPClient,A0,64.0435,syn,416823,
INSTR_MACH_DF_EM,Gen9LPClient,A0,79.6693,syn,416823,
INSTR_MACH_DF_FPU,Gen9LPClient,A0,82.2769,syn,416823,
INSTR_MAD_UW_EM,Gen8,A0,34.165,syn,397435,
INSTR_MAD_UW_EM,Gen9LPClient,A0,59.6147,syn,416823,
INSTR_MAD_UW_FPU,Gen8,A0,40.178,syn,397435,
INSTR_MAD_UW_FPU,Gen9LPClient,A0,62.7369,syn,416823,
INSTR_MAD_W_EM,Gen8,A0,34.165,syn,397435,
INSTR_MAD_W_EM,Gen9LPClient,A0,59.6147,syn,416823,
INSTR_MAD_W_FPU,Gen8,A0,40.178,syn,397435,
INSTR_MAD_W_FPU,Gen9LPClient,A0,62.7369,syn,416823,
INSTR_MAD_UD_EM,Gen8,A0,36.174,syn,397435,
INSTR_MAD_UD_EM,Gen9LPClient,A0,91.7888,syn,416823,
INSTR_MAD_UD_FPU,Gen8,A0,42.541,syn,397435,
INSTR_MAD_UD_FPU,Gen9LPClient,A0,99.2137,syn,416823,
INSTR_MAD_D_EM,Gen8,A0,36.174,syn,397435,
INSTR_MAD_D_EM,Gen9LPClient,A0,91.7888,syn,416823,
INSTR_MAD_D_FPU,Gen8,A0,42.541,syn,397435,
INSTR_MAD_D_FPU,Gen9LPClient,A0,99.2137,syn,416823,
INSTR_MAD_UQ_EM,Gen9LPClient,A0,91.7888,syn,416823,
INSTR_MAD_UQ_FPU,Gen9LPClient,A0,99.2137,syn,416823,
INSTR_MAD_Q_EM,Gen9LPClient,A0,91.7888,syn,416823,
INSTR_MAD_Q_FPU,Gen9LPClient,A0,99.2137,syn,416823,
INSTR_MAD_HF_EM,Gen8,A0,27.967,syn,397435,
INSTR_MAD_HF_EM,Gen9LPClient,A0,50.3799,syn,416823,
INSTR_MAD_HF_FPU,Gen8,A0,33.409,syn,397435,
INSTR_MAD_HF_FPU,Gen9LPClient,A0,55.2856,syn,416823,
INSTR_MAD_F_EM,Gen8,A0,40.194,syn,397435,
INSTR_MAD_F_EM,Gen9LPClient,A0,61.7538,syn,416823,
INSTR_MAD_F_FPU,Gen8,A0,47.267,syn,397435,
INSTR_MAD_F_FPU,Gen9LPClient,A0,64.0435,syn,416823,
INSTR_MAD_DF_EM,Gen9LPClient,A0,79.6693,syn,416823,
INSTR_MAD_DF_FPU,Gen9LPClient,A0,82.2769,syn,416823,
INSTR_MATH_UW_EM,Gen8,A0,17.631,syn,397435,
INSTR_MATH_UW_EM,Gen9LPClient,A0,0,syn,416823,
INSTR_MATH_W_EM,Gen8,A0,17.631,syn,397435,
INSTR_MATH_W_EM,Gen9LPClient,A0,0,syn,416823,
INSTR_MATH_UD_EM,Gen8,A0,18.668,syn,397435,
INSTR_MATH_UD_EM,Gen9LPClient,A0,0,syn,416823,
INSTR_MATH_D_EM,Gen8,A0,18.668,syn,397435,
INSTR_MATH_D_EM,Gen9LPClient,A0,0,syn,416823,
INSTR_MATH_UQ_EM,Gen9LPClient,A0,0,syn,416823,
INSTR_MATH_Q_EM,Gen9LPClient,A0,0,syn,416823,
INSTR_MATH_HF_EM,Gen8,A0,7.467,syn,397435,
INSTR_MATH_HF_EM,Gen9LPClient,A0,0,syn,416823,
INSTR_MATH_F_EM,Gen8,A0,12.446,syn,397435,
INSTR_MATH_F_EM,Gen9LPClient,A0,74.1357,syn,416823,
INSTR_MATH_DF_EM,Gen9LPClient,A0,0,syn,416823,
INSTR_MOV_UW_EM,Gen8,A0,13.072,syn,397435,
INSTR_MOV_UW_EM,Gen9LPClient,A0,10.3391,syn,416823,
INSTR_MOV_UW_FPU,Gen8,A0,15.973,syn,397435,
INSTR_MOV_UW_FPU,Gen9LPClient,A0,11.2719,syn,416823,
INSTR_MOV_W_EM,Gen8,A0,13.072,syn,397435,
INSTR_MOV_W_EM,Gen9LPClient,A0,10.3391,syn,416823,
INSTR_MOV_W_FPU,Gen8,A0,15.973,syn,397435,
INSTR_MOV_W_FPU,Gen9LPClient,A0,11.2719,syn,416823,
INSTR_MOV_UD_EM,Gen8,A0,13.84,syn,397435,
INSTR_MOV_UD_EM,Gen9LPClient,A0,9.9968,syn,416823,
INSTR_MOV_UD_FPU,Gen8,A0,16.912,syn,397435,
INSTR_MOV_UD_FPU,Gen9LPClient,A0,10.5912,syn,416823,
INSTR_MOV_D_EM,Gen8,A0,13.84,syn,397435,
INSTR_MOV_D_EM,Gen9LPClient,A0,9.9968,syn,416823,
INSTR_MOV_D_FPU,Gen8,A0,16.912,syn,397435,
INSTR_MOV_D_FPU,Gen9LPClient,A0,10.5912,syn,416823,
INSTR_MOV_UQ_EM,Gen9LPClient,A0,19.669,syn,416823,
INSTR_MOV_UQ_FPU,Gen9LPClient,A0,21.1901,syn,416823,
INSTR_MOV_Q_EM,Gen9LPClient,A0,19.669,syn,416823,
INSTR_MOV_Q_FPU,Gen9LPClient,A0,21.1901,syn,416823,
INSTR_MOV_HF_EM,Gen8,A0,9.227,syn,397435,
INSTR_MOV_HF_EM,Gen9LPClient,A0,10.4635,syn,416823,
INSTR_MOV_HF_FPU,Gen8,A0,11.275,syn,397435,
INSTR_MOV_HF_FPU,Gen9LPClient,A0,11.3679,syn,416823,
INSTR_MOV_F_EM,Gen8,A0,15.378,syn,397435,
INSTR_MOV_F_EM,Gen9LPClient,A0,10.0009,syn,416823,
INSTR_MOV_F_FPU,Gen8,A0,18.791,syn,397435,
INSTR_MOV_F_FPU,Gen9LPClient,A0,10.5895,syn,416823,
INSTR_MOV_DF_EM,Gen9LPClient,A0,20.3571,syn,416823,
INSTR_MOV_DF_FPU,Gen9LPClient,A0,21.705,syn,416823,
INSTR_MOVI_UW_EM,Gen8,A0,13.072,syn,397435,
INSTR_MOVI_UW_EM,Gen9LPClient,A0,10.3391,syn,416823,
INSTR_MOVI_UW_FPU,Gen8,A0,15.973,syn,397435,
INSTR_MOVI_UW_FPU,Gen9LPClient,A0,11.2719,syn,416823,
INSTR_MOVI_W_EM,Gen8,A0,13.072,syn,397435,
INSTR_MOVI_W_EM,Gen9LPClient,A0,10.3391,syn,416823,
INSTR_MOVI_W_FPU,Gen8,A0,15.973,syn,397435,
INSTR_MOVI_W_FPU,Gen9LPClient,A0,11.2719,syn,416823,
INSTR_MOVI_UD_EM,Gen8,A0,13.84,syn,397435,
INSTR_MOVI_UD_EM,Gen9LPClient,A0,9.9968,syn,416823,
INSTR_MOVI_UD_FPU,Gen8,A0,16.912,syn,397435,
INSTR_MOVI_UD_FPU,Gen9LPClient,A0,10.5912,syn,416823,
INSTR_MOVI_D_EM,Gen8,A0,13.84,syn,397435,
INSTR_MOVI_D_EM,Gen9LPClient,A0,9.9968,syn,416823,
INSTR_MOVI_D_FPU,Gen8,A0,16.912,syn,397435,
INSTR_MOVI_D_FPU,Gen9LPClient,A0,10.5912,syn,416823,
INSTR_MOVI_UQ_EM,Gen9LPClient,A0,19.669,syn,416823,
INSTR_MOVI_UQ_FPU,Gen9LPClient,A0,21.1901,syn,416823,
INSTR_MOVI_Q_EM,Gen9LPClient,A0,19.669,syn,416823,
INSTR_MOVI_Q_FPU,Gen9LPClient,A0,21.1901,syn,416823,
INSTR_MOVI_HF_EM,Gen8,A0,9.227,syn,397435,
INSTR_MOVI_HF_EM,Gen9LPClient,A0,10.4635,syn,416823,
INSTR_MOVI_HF_FPU,Gen8,A0,11.275,syn,397435,
INSTR_MOVI_HF_FPU,Gen9LPClient,A0,11.3679,syn,416823,
INSTR_MOVI_F_EM,Gen8,A0,15.378,syn,397435,
INSTR_MOVI_F_EM,Gen9LPClient,A0,10.0009,syn,416823,
INSTR_MOVI_F_FPU,Gen8,A0,18.791,syn,397435,
INSTR_MOVI_F_FPU,Gen9LPClient,A0,10.5895,syn,416823,
INSTR_MOVI_DF_EM,Gen9LPClient,A0,20.3571,syn,416823,
INSTR_MOVI_DF_FPU,Gen9LPClient,A0,21.705,syn,416823,
INSTR_MUL_UW_EM,Gen8,A0,35.079,syn,397435,
INSTR_MUL_UW_EM,Gen9LPClient,A0,42.6949,syn,416823,
INSTR_MUL_UW_FPU,Gen8,A0,41.895,syn,397435,
INSTR_MUL_UW_FPU,Gen9LPClient,A0,47.6417,syn,416823,
INSTR_MUL_W_EM,Gen8,A0,35.079,syn,397435,
INSTR_MUL_W_EM,Gen9LPClient,A0,42.6949,syn,416823,
INSTR_MUL_W_FPU,Gen8,A0,41.895,syn,397435,
INSTR_MUL_W_FPU,Gen9LPClient,A0,47.6417,syn,416823,
INSTR_MUL_UD_EM,Gen8,A0,72.003,syn,397435,
INSTR_MUL_UD_EM,Gen9LPClient,A0,74.869,syn,416823,
INSTR_MUL_UD_FPU,Gen8,A0,86.866,syn,397435,
INSTR_MUL_UD_FPU,Gen9LPClient,A0,84.1185,syn,416823,
INSTR_MUL_D_EM,Gen8,A0,72.003,syn,397435,
INSTR_MUL_D_EM,Gen9LPClient,A0,74.869,syn,416823,
INSTR_MUL_D_FPU,Gen8,A0,86.866,syn,397435,
INSTR_MUL_D_FPU,Gen9LPClient,A0,84.1185,syn,416823,
INSTR_MUL_UQ_EM,Gen9LPClient,A0,74.869,syn,416823,
INSTR_MUL_UQ_FPU,Gen9LPClient,A0,84.1185,syn,416823,
INSTR_MUL_Q_EM,Gen9LPClient,A0,74.869,syn,416823,
INSTR_MUL_Q_FPU,Gen9LPClient,A0,84.1185,syn,416823,
INSTR_MUL_HF_EM,Gen8,A0,24.364,syn,397435,
INSTR_MUL_HF_EM,Gen9LPClient,A0,43.8337,syn,416823,
INSTR_MUL_HF_FPU,Gen8,A0,30.955,syn,397435,
INSTR_MUL_HF_FPU,Gen9LPClient,A0,47.8143,syn,416823,
INSTR_MUL_F_EM,Gen8,A0,35.079,syn,397435,
INSTR_MUL_F_EM,Gen9LPClient,A0,61.8178,syn,416823,
INSTR_MUL_F_FPU,Gen8,A0,41.895,syn,397435,
INSTR_MUL_F_FPU,Gen9LPClient,A0,63.0182,syn,416823,
INSTR_MUL_DF_EM,Gen9LPClient,A0,74.6698,syn,416823,
INSTR_MUL_DF_FPU,Gen9LPClient,A0,79.4021,syn,416823,
INSTR_NOT_UW_EM,Gen8,A0,23.832,syn,397435,
INSTR_NOT_UW_EM,Gen9LPClient,A0,20.1284,syn,416823,
INSTR_NOT_UW_FPU,Gen8,A0,28.519,syn,397435,
INSTR_NOT_UW_FPU,Gen9LPClient,A0,24.1498,syn,416823,
INSTR_NOT_W_EM,Gen8,A0,23.832,syn,397435,
INSTR_NOT_W_EM,Gen9LPClient,A0,20.1284,syn,416823,
INSTR_NOT_W_FPU,Gen8,A0,28.519,syn,397435,
INSTR_NOT_W_FPU,Gen9LPClient,A0,24.1498,syn,416823,
INSTR_NOT_UD_EM,Gen8,A0,31.084,syn,397435,
INSTR_NOT_UD_EM,Gen9LPClient,A0,19.8035,syn,416823,
INSTR_NOT_UD_FPU,Gen8,A0,40.206,syn,397435,
INSTR_NOT_UD_FPU,Gen9LPClient,A0,23.6157,syn,416823,
INSTR_NOT_D_EM,Gen8,A0,31.084,syn,397435,
INSTR_NOT_D_EM,Gen9LPClient,A0,19.8035,syn,416823,
INSTR_NOT_D_FPU,Gen8,A0,40.206,syn,397435,
INSTR_NOT_D_FPU,Gen9LPClient,A0,23.6157,syn,416823,
INSTR_NOT_UQ_EM,Gen9LPClient,A0,26.8822,syn,416823,
INSTR_NOT_UQ_FPU,Gen9LPClient,A0,28.7346,syn,416823,
INSTR_NOT_Q_EM,Gen9LPClient,A0,26.8822,syn,416823,
INSTR_NOT_Q_FPU,Gen9LPClient,A0,28.7346,syn,416823,
INSTR_NOT_HF_EM,Gen8,A0,22.423,syn,397435,
INSTR_NOT_HF_EM,Gen9LPClient,A0,38.9505,syn,416823,
INSTR_NOT_HF_FPU,Gen8,A0,28.014,syn,397435,
INSTR_NOT_HF_FPU,Gen9LPClient,A0,43.0566,syn,416823,
INSTR_NOT_F_EM,Gen8,A0,23.832,syn,397435,
INSTR_NOT_F_EM,Gen9LPClient,A0,31.0606,syn,416823,
INSTR_NOT_F_FPU,Gen8,A0,28.519,syn,397435,
INSTR_NOT_F_FPU,Gen9LPClient,A0,32.7057,syn,416823,
INSTR_NOT_DF_EM,Gen9LPClient,A0,30.2404,syn,416823,
INSTR_NOT_DF_FPU,Gen9LPClient,A0,33.3145,syn,416823,
INSTR_OR_UW_EM,Gen8,A0,23.832,syn,397435,
INSTR_OR_UW_EM,Gen9LPClient,A0,20.1284,syn,416823,
INSTR_OR_UW_FPU,Gen8,A0,28.519,syn,397435,
INSTR_OR_UW_FPU,Gen9LPClient,A0,24.1498,syn,416823,
INSTR_OR_W_EM,Gen8,A0,23.832,syn,397435,
INSTR_OR_W_EM,Gen9LPClient,A0,20.1284,syn,416823,
INSTR_OR_W_FPU,Gen8,A0,28.519,syn,397435,
INSTR_OR_W_FPU,Gen9LPClient,A0,24.1498,syn,416823,
INSTR_OR_UD_EM,Gen8,A0,31.084,syn,397435,
INSTR_OR_UD_EM,Gen9LPClient,A0,19.8035,syn,416823,
INSTR_OR_UD_FPU,Gen8,A0,40.206,syn,397435,
INSTR_OR_UD_FPU,Gen9LPClient,A0,23.6157,syn,416823,
INSTR_OR_D_EM,Gen8,A0,31.084,syn,397435,
INSTR_OR_D_EM,Gen9LPClient,A0,19.8035,syn,416823,
INSTR_OR_D_FPU,Gen8,A0,40.206,syn,397435,
INSTR_OR_D_FPU,Gen9LPClient,A0,23.6157,syn,416823,
INSTR_OR_UQ_EM,Gen9LPClient,A0,26.8822,syn,416823,
INSTR_OR_UQ_FPU,Gen9LPClient,A0,28.7346,syn,416823,
INSTR_OR_Q_EM,Gen9LPClient,A0,26.8822,syn,416823,
INSTR_OR_Q_FPU,Gen9LPClient,A0,28.7346,syn,416823,
INSTR_OR_HF_EM,Gen8,A0,22.423,syn,397435,
INSTR_OR_HF_EM,Gen9LPClient,A0,38.9505,syn,416823,
INSTR_OR_HF_FPU,Gen8,A0,28.014,syn,397435,
INSTR_OR_HF_FPU,Gen9LPClient,A0,43.0566,syn,416823,
INSTR_OR_F_EM,Gen8,A0,23.832,syn,397435,
INSTR_OR_F_EM,Gen9LPClient,A0,31.0606,syn,416823,
INSTR_OR_F_FPU,Gen8,A0,28.519,syn,397435,
INSTR_OR_F_FPU,Gen9LPClient,A0,32.7057,syn,416823,
INSTR_OR_DF_EM,Gen9LPClient,A0,30.2404,syn,416823,
INSTR_OR_DF_FPU,Gen9LPClient,A0,33.3145,syn,416823,
INSTR_PLN_UW_EM,Gen8,A0,100.057,syn,397435,
INSTR_PLN_UW_EM,Gen9LPClient,A0,0,syn,416823,
INSTR_PLN_UW_FPU,Gen8,A0,107.333,syn,397435,
INSTR_PLN_UW_FPU,Gen9LPClient,A0,0,syn,416823,
INSTR_PLN_W_EM,Gen8,A0,100.057,syn,397435,
INSTR_PLN_W_EM,Gen9LPClient,A0,0,syn,416823,
INSTR_PLN_W_FPU,Gen8,A0,107.333,syn,397435,
INSTR_PLN_W_FPU,Gen9LPClient,A0,0,syn,416823,
INSTR_PLN_UD_EM,Gen8,A0,105.942,syn,397435,
INSTR_PLN_UD_EM,Gen9LPClient,A0,0,syn,416823,
INSTR_PLN_UD_FPU,Gen8,A0,113.647,syn,397435,
INSTR_PLN_UD_FPU,Gen9LPClient,A0,0,syn,416823,
INSTR_PLN_D_EM,Gen8,A0,105.942,syn,397435,
INSTR_PLN_D_EM,Gen9LPClient,A0,0,syn,416823,
INSTR_PLN_D_FPU,Gen8,A0,113.647,syn,397435,
INSTR_PLN_D_FPU,Gen9LPClient,A0,0,syn,416823,
INSTR_PLN_UQ_EM,Gen9LPClient,A0,0,syn,416823,
INSTR_PLN_UQ_FPU,Gen9LPClient,A0,0,syn,416823,
INSTR_PLN_Q_EM,Gen9LPClient,A0,0,syn,416823,
INSTR_PLN_Q_FPU,Gen9LPClient,A0,0,syn,416823,
INSTR_PLN_HF_EM,Gen8,A0,70.628,syn,397435,
INSTR_PLN_HF_EM,Gen9LPClient,A0,0,syn,416823,
INSTR_PLN_HF_FPU,Gen8,A0,75.765,syn,397435,
INSTR_PLN_HF_FPU,Gen9LPClient,A0,0,syn,416823,
INSTR_PLN_F_EM,Gen8,A0,117.714,syn,397435,
INSTR_PLN_F_EM,Gen9LPClient,A0,74.1357,syn,416823,
INSTR_PLN_F_FPU,Gen8,A0,126.275,syn,397435,
INSTR_PLN_F_FPU,Gen9LPClient,A0,76.2688,syn,416823,
INSTR_PLN_DF_EM,Gen9LPClient,A0,0,syn,416823,
INSTR_PLN_DF_FPU,Gen9LPClient,A0,0,syn,416823,
INSTR_RNDD_UW_EM,Gen8,A0,34.165,syn,397435,
INSTR_RNDD_UW_EM,Gen9LPClient,A0,59.6147,syn,416823,
INSTR_RNDD_UW_FPU,Gen8,A0,40.178,syn,397435,
INSTR_RNDD_UW_FPU,Gen9LPClient,A0,62.7369,syn,416823,
INSTR_RNDD_W_EM,Gen8,A0,34.165,syn,397435,
INSTR_RNDD_W_EM,Gen9LPClient,A0,59.6147,syn,416823,
INSTR_RNDD_W_FPU,Gen8,A0,40.178,syn,397435,
INSTR_RNDD_W_FPU,Gen9LPClient,A0,62.7369,syn,416823,
INSTR_RNDD_UD_EM,Gen8,A0,36.174,syn,397435,
INSTR_RNDD_UD_EM,Gen9LPClient,A0,91.7888,syn,416823,
INSTR_RNDD_UD_FPU,Gen8,A0,42.541,syn,397435,
INSTR_RNDD_UD_FPU,Gen9LPClient,A0,99.2137,syn,416823,
INSTR_RNDD_D_EM,Gen8,A0,36.174,syn,397435,
INSTR_RNDD_D_EM,Gen9LPClient,A0,91.7888,syn,416823,
INSTR_RNDD_D_FPU,Gen8,A0,42.541,syn,397435,
INSTR_RNDD_D_FPU,Gen9LPClient,A0,99.2137,syn,416823,
INSTR_RNDD_UQ_EM,Gen9LPClient,A0,91.7888,syn,416823,
INSTR_RNDD_UQ_FPU,Gen9LPClient,A0,99.2137,syn,416823,
INSTR_RNDD_Q_EM,Gen9LPClient,A0,91.7888,syn,416823,
INSTR_RNDD_Q_FPU,Gen9LPClient,A0,99.2137,syn,416823,
INSTR_RNDD_HF_EM,Gen8,A0,27.967,syn,397435,
INSTR_RNDD_HF_EM,Gen9LPClient,A0,50.3799,syn,416823,
INSTR_RNDD_HF_FPU,Gen8,A0,33.409,syn,397435,
INSTR_RNDD_HF_FPU,Gen9LPClient,A0,55.2856,syn,416823,
INSTR_RNDD_F_EM,Gen8,A0,40.194,syn,397435,
INSTR_RNDD_F_EM,Gen9LPClient,A0,61.7538,syn,416823,
INSTR_RNDD_F_FPU,Gen8,A0,47.267,syn,397435,
INSTR_RNDD_F_FPU,Gen9LPClient,A0,64.0435,syn,416823,
INSTR_RNDD_DF_EM,Gen9LPClient,A0,79.6693,syn,416823,
INSTR_RNDD_DF_FPU,Gen9LPClient,A0,82.2769,syn,416823,
INSTR_RNDU_UW_EM,Gen8,A0,34.165,syn,397435,
INSTR_RNDU_UW_EM,Gen9LPClient,A0,59.6147,syn,416823,
INSTR_RNDU_UW_FPU,Gen8,A0,40.178,syn,397435,
INSTR_RNDU_UW_FPU,Gen9LPClient,A0,62.7369,syn,416823,
INSTR_RNDU_W_EM,Gen8,A0,34.165,syn,397435,
INSTR_RNDU_W_EM,Gen9LPClient,A0,59.6147,syn,416823,
INSTR_RNDU_W_FPU,Gen8,A0,40.178,syn,397435,
INSTR_RNDU_W_FPU,Gen9LPClient,A0,62.7369,syn,416823,
INSTR_RNDU_UD_EM,Gen8,A0,36.174,syn,397435,
INSTR_RNDU_UD_EM,Gen9LPClient,A0,91.7888,syn,416823,
INSTR_RNDU_UD_FPU,Gen8,A0,42.541,syn,397435,
INSTR_RNDU_UD_FPU,Gen9LPClient,A0,99.2137,syn,416823,
INSTR_RNDU_D_EM,Gen8,A0,36.174,syn,397435,
INSTR_RNDU_D_EM,Gen9LPClient,A0,91.7888,syn,416823,
INSTR_RNDU_D_FPU,Gen8,A0,42.541,syn,397435,
INSTR_RNDU_D_FPU,Gen9LPClient,A0,99.2137,syn,416823,
INSTR_RNDU_UQ_EM,Gen9LPClient,A0,91.7888,syn,416823,
INSTR_RNDU_UQ_FPU,Gen9LPClient,A0,99.2137,syn,416823,
INSTR_RNDU_Q_EM,Gen9LPClient,A0,91.7888,syn,416823,
INSTR_RNDU_Q_FPU,Gen9LPClient,A0,99.2137,syn,416823,
INSTR_RNDU_HF_EM,Gen8,A0,27.967,syn,397435,
INSTR_RNDU_HF_EM,Gen9LPClient,A0,50.3799,syn,416823,
INSTR_RNDU_HF_FPU,Gen8,A0,33.409,syn,397435,
INSTR_RNDU_HF_FPU,Gen9LPClient,A0,55.2856,syn,416823,
INSTR_RNDU_F_EM,Gen8,A0,40.194,syn,397435,
INSTR_RNDU_F_EM,Gen9LPClient,A0,61.7538,syn,416823,
INSTR_RNDU_F_FPU,Gen8,A0,47.267,syn,397435,
INSTR_RNDU_F_FPU,Gen9LPClient,A0,64.0435,syn,416823,
INSTR_RNDU_DF_EM,Gen9LPClient,A0,79.6693,syn,416823,
INSTR_RNDU_DF_FPU,Gen9LPClient,A0,82.2769,syn,416823,
INSTR_RNDE_UW_EM,Gen8,A0,34.165,syn,397435,
INSTR_RNDE_UW_EM,Gen9LPClient,A0,59.6147,syn,416823,
INSTR_RNDE_UW_FPU,Gen8,A0,40.178,syn,397435,
INSTR_RNDE_UW_FPU,Gen9LPClient,A0,62.7369,syn,416823,
INSTR_RNDE_W_EM,Gen8,A0,34.165,syn,397435,
INSTR_RNDE_W_EM,Gen9LPClient,A0,59.6147,syn,416823,
INSTR_RNDE_W_FPU,Gen8,A0,40.178,syn,397435,
INSTR_RNDE_W_FPU,Gen9LPClient,A0,62.7369,syn,416823,
INSTR_RNDE_UD_EM,Gen8,A0,36.174,syn,397435,
INSTR_RNDE_UD_EM,Gen9LPClient,A0,91.7888,syn,416823,
INSTR_RNDE_UD_FPU,Gen8,A0,42.541,syn,397435,
INSTR_RNDE_UD_FPU,Gen9LPClient,A0,99.2137,syn,416823,
INSTR_RNDE_D_EM,Gen8,A0,36.174,syn,397435,
INSTR_RNDE_D_EM,Gen9LPClient,A0,91.7888,syn,416823,
INSTR_RNDE_D_FPU,Gen8,A0,42.541,syn,397435,
INSTR_RNDE_D_FPU,Gen9LPClient,A0,99.2137,syn,416823,
INSTR_RNDE_UQ_EM,Gen9LPClient,A0,91.7888,syn,416823,
INSTR_RNDE_UQ_FPU,Gen9LPClient,A0,99.2137,syn,416823,
INSTR_RNDE_Q_EM,Gen9LPClient,A0,91.7888,syn,416823,
INSTR_RNDE_Q_FPU,Gen9LPClient,A0,99.2137,syn,416823,
INSTR_RNDE_HF_EM,Gen8,A0,27.967,syn,397435,
INSTR_RNDE_HF_EM,Gen9LPClient,A0,50.3799,syn,416823,
INSTR_RNDE_HF_FPU,Gen8,A0,33.409,syn,397435,
INSTR_RNDE_HF_FPU,Gen9LPClient,A0,55.2856,syn,416823,
INSTR_RNDE_F_EM,Gen8,A0,40.194,syn,397435,
INSTR_RNDE_F_EM,Gen9LPClient,A0,61.7538,syn,416823,
INSTR_RNDE_F_FPU,Gen8,A0,47.267,syn,397435,
INSTR_RNDE_F_FPU,Gen9LPClient,A0,64.0435,syn,416823,
INSTR_RNDE_DF_EM,Gen9LPClient,A0,79.6693,syn,416823,
INSTR_RNDE_DF_FPU,Gen9LPClient,A0,82.2769,syn,416823,
INSTR_RNDZ_UW_EM,Gen8,A0,34.165,syn,397435,
INSTR_RNDZ_UW_EM,Gen9LPClient,A0,59.6147,syn,416823,
INSTR_RNDZ_UW_FPU,Gen8,A0,40.178,syn,397435,
INSTR_RNDZ_UW_FPU,Gen9LPClient,A0,62.7369,syn,416823,
INSTR_RNDZ_W_EM,Gen8,A0,34.165,syn,397435,
INSTR_RNDZ_W_EM,Gen9LPClient,A0,59.6147,syn,416823,
INSTR_RNDZ_W_FPU,Gen8,A0,40.178,syn,397435,
INSTR_RNDZ_W_FPU,Gen9LPClient,A0,62.7369,syn,416823,
INSTR_RNDZ_UD_EM,Gen8,A0,36.174,syn,397435,
INSTR_RNDZ_UD_EM,Gen9LPClient,A0,91.7888,syn,416823,
INSTR_RNDZ_UD_FPU,Gen8,A0,42.541,syn,397435,
INSTR_RNDZ_UD_FPU,Gen9LPClient,A0,99.2137,syn,416823,
INSTR_RNDZ_D_EM,Gen8,A0,36.174,syn,397435,
INSTR_RNDZ_D_EM,Gen9LPClient,A0,91.7888,syn,416823,
INSTR_RNDZ_D_FPU,Gen8,A0,42.541,syn,397435,
INSTR_RNDZ_D_FPU,Gen9LPClient,A0,99.2137,syn,416823,
INSTR_RNDZ_UQ_EM,Gen9LPClient,A0,91.7888,syn,416823,
INSTR_RNDZ_UQ_FPU,Gen9LPClient,A0,99.2137,syn,416823,
INSTR_RNDZ_Q_EM,Gen9LPClient,A0,91.7888,syn,416823,
INSTR_RNDZ_Q_FPU,Gen9LPClient,A0,99.2137,syn,416823,
INSTR_RNDZ_HF_EM,Gen8,A0,27.967,syn,397435,
INSTR_RNDZ_HF_EM,Gen9LPClient,A0,50.3799,syn,416823,
INSTR_RNDZ_HF_FPU,Gen8,A0,33.409,syn,397435,
INSTR_RNDZ_HF_FPU,Gen9LPClient,A0,55.2856,syn,416823,
INSTR_RNDZ_F_EM,Gen8,A0,40.194,syn,397435,
INSTR_RNDZ_F_EM,Gen9LPClient,A0,61.7538,syn,416823,
INSTR_RNDZ_F_FPU,Gen8,A0,47.267,syn,397435,
INSTR_RNDZ_F_FPU,Gen9LPClient,A0,64.0435,syn,416823,
INSTR_RNDZ_DF_EM,Gen9LPClient,A0,79.6693,syn,416823,
INSTR_RNDZ_DF_FPU,Gen9LPClient,A0,82.2769,syn,416823,
INSTR_SAD2_UW_EM,Gen8,A0,34.165,syn,397435,
INSTR_SAD2_UW_EM,Gen9LPClient,A0,59.6147,syn,416823,
INSTR_SAD2_UW_FPU,Gen8,A0,40.178,syn,397435,
INSTR_SAD2_UW_FPU,Gen9LPClient,A0,62.7369,syn,416823,
INSTR_SAD2_W_EM,Gen8,A0,34.165,syn,397435,
INSTR_SAD2_W_EM,Gen9LPClient,A0,59.6147,syn,416823,
INSTR_SAD2_W_FPU,Gen8,A0,40.178,syn,397435,
INSTR_SAD2_W_FPU,Gen9LPClient,A0,62.7369,syn,416823,
INSTR_SAD2_UD_EM,Gen8,A0,36.174,syn,397435,
INSTR_SAD2_UD_EM,Gen9LPClient,A0,91.7888,syn,416823,
INSTR_SAD2_UD_FPU,Gen8,A0,42.541,syn,397435,
INSTR_SAD2_UD_FPU,Gen9LPClient,A0,99.2137,syn,416823,
INSTR_SAD2_D_EM,Gen8,A0,36.174,syn,397435,
INSTR_SAD2_D_EM,Gen9LPClient,A0,91.7888,syn,416823,
INSTR_SAD2_D_FPU,Gen8,A0,42.541,syn,397435,
INSTR_SAD2_D_FPU,Gen9LPClient,A0,99.2137,syn,416823,
INSTR_SAD2_UQ_EM,Gen9LPClient,A0,91.7888,syn,416823,
INSTR_SAD2_UQ_FPU,Gen9LPClient,A0,99.2137,syn,416823,
INSTR_SAD2_Q_EM,Gen9LPClient,A0,91.7888,syn,416823,
INSTR_SAD2_Q_FPU,Gen9LPClient,A0,99.2137,syn,416823,
INSTR_SAD2_HF_EM,Gen8,A0,27.967,syn,397435,
INSTR_SAD2_HF_EM,Gen9LPClient,A0,50.3799,syn,416823,
INSTR_SAD2_HF_FPU,Gen8,A0,33.409,syn,397435,
INSTR_SAD2_HF_FPU,Gen9LPClient,A0,55.2856,syn,416823,
INSTR_SAD2_F_EM,Gen8,A0,40.194,syn,397435,
INSTR_SAD2_F_EM,Gen9LPClient,A0,61.7538,syn,416823,
INSTR_SAD2_F_FPU,Gen8,A0,47.267,syn,397435,
INSTR_SAD2_F_FPU,Gen9LPClient,A0,64.0435,syn,416823,
INSTR_SAD2_DF_EM,Gen9LPClient,A0,79.6693,syn,416823,
INSTR_SAD2_DF_FPU,Gen9LPClient,A0,82.2769,syn,416823,
INSTR_SADA2_UW_EM,Gen8,A0,34.165,syn,397435,
INSTR_SADA2_UW_EM,Gen9LPClient,A0,59.6147,syn,416823,
INSTR_SADA2_UW_FPU,Gen8,A0,40.178,syn,397435,
INSTR_SADA2_UW_FPU,Gen9LPClient,A0,62.7369,syn,416823,
INSTR_SADA2_W_EM,Gen8,A0,34.165,syn,397435,
INSTR_SADA2_W_EM,Gen9LPClient,A0,59.6147,syn,416823,
INSTR_SADA2_W_FPU,Gen8,A0,40.178,syn,397435,
INSTR_SADA2_W_FPU,Gen9LPClient,A0,62.7369,syn,416823,
INSTR_SADA2_UD_EM,Gen8,A0,36.174,syn,397435,
INSTR_SADA2_UD_EM,Gen9LPClient,A0,91.7888,syn,416823,
INSTR_SADA2_UD_FPU,Gen8,A0,42.541,syn,397435,
INSTR_SADA2_UD_FPU,Gen9LPClient,A0,99.2137,syn,416823,
INSTR_SADA2_D_EM,Gen8,A0,36.174,syn,397435,
INSTR_SADA2_D_EM,Gen9LPClient,A0,91.7888,syn,416823,
INSTR_SADA2_D_FPU,Gen8,A0,42.541,syn,397435,
INSTR_SADA2_D_FPU,Gen9LPClient,A0,99.2137,syn,416823,
INSTR_SADA2_UQ_EM,Gen9LPClient,A0,91.7888,syn,416823,
INSTR_SADA2_UQ_FPU,Gen9LPClient,A0,99.2137,syn,416823,
INSTR_SADA2_Q_EM,Gen9LPClient,A0,91.7888,syn,416823,
INSTR_SADA2_Q_FPU,Gen9LPClient,A0,99.2137,syn,416823,
INSTR_SADA2_HF_EM,Gen8,A0,27.967,syn,397435,
INSTR_SADA2_HF_EM,Gen9LPClient,A0,50.3799,syn,416823,
INSTR_SADA2_HF_FPU,Gen8,A0,33.409,syn,397435,
INSTR_SADA2_HF_FPU,Gen9LPClient,A0,55.2856,syn,416823,
INSTR_SADA2_F_EM,Gen8,A0,40.194,syn,397435,
INSTR_SADA2_F_EM,Gen9LPClient,A0,61.7538,syn,416823,
INSTR_SADA2_F_FPU,Gen8,A0,47.267,syn,397435,
INSTR_SADA2_F_FPU,Gen9LPClient,A0,64.0435,syn,416823,
INSTR_SADA2_DF_EM,Gen9LPClient,A0,79.6693,syn,416823,
INSTR_SADA2_DF_FPU,Gen9LPClient,A0,82.2769,syn,416823,
INSTR_SEL_UW_EM,Gen8,A0,13.072,syn,397435,
INSTR_SEL_UW_EM,Gen9LPClient,A0,17.4174,syn,416823,
INSTR_SEL_UW_FPU,Gen8,A0,15.973,syn,397435,
INSTR_SEL_UW_FPU,Gen9LPClient,A0,21.0177,syn,416823,
INSTR_SEL_W_EM,Gen8,A0,13.072,syn,397435,
INSTR_SEL_W_EM,Gen9LPClient,A0,17.4174,syn,416823,
INSTR_SEL_W_FPU,Gen8,A0,15.973,syn,397435,
INSTR_SEL_W_FPU,Gen9LPClient,A0,21.0177,syn,416823,
INSTR_SEL_UD_EM,Gen8,A0,13.84,syn,397435,
INSTR_SEL_UD_EM,Gen9LPClient,A0,17.4905,syn,416823,
INSTR_SEL_UD_FPU,Gen8,A0,16.912,syn,397435,
INSTR_SEL_UD_FPU,Gen9LPClient,A0,21.739,syn,416823,
INSTR_SEL_D_EM,Gen8,A0,13.84,syn,397435,
INSTR_SEL_D_EM,Gen9LPClient,A0,17.4905,syn,416823,
INSTR_SEL_D_FPU,Gen8,A0,16.912,syn,397435,
INSTR_SEL_D_FPU,Gen9LPClient,A0,21.739,syn,416823,
INSTR_SEL_UQ_EM,Gen9LPClient,A0,27.4247,syn,416823,
INSTR_SEL_UQ_FPU,Gen9LPClient,A0,29.6993,syn,416823,
INSTR_SEL_Q_EM,Gen9LPClient,A0,27.4247,syn,416823,
INSTR_SEL_Q_FPU,Gen9LPClient,A0,29.6993,syn,416823,
INSTR_SEL_HF_EM,Gen8,A0,9.227,syn,397435,
INSTR_SEL_HF_EM,Gen9LPClient,A0,28.2496,syn,416823,
INSTR_SEL_HF_FPU,Gen8,A0,11.275,syn,397435,
INSTR_SEL_HF_FPU,Gen9LPClient,A0,30.8075,syn,416823,
INSTR_SEL_F_EM,Gen8,A0,15.378,syn,397435,
INSTR_SEL_F_EM,Gen9LPClient,A0,25.6234,syn,416823,
INSTR_SEL_F_FPU,Gen8,A0,18.791,syn,397435,
INSTR_SEL_F_FPU,Gen9LPClient,A0,27.6272,syn,416823,
INSTR_SEL_DF_EM,Gen9LPClient,A0,29.5676,syn,416823,
INSTR_SEL_DF_FPU,Gen9LPClient,A0,32.895,syn,416823,
INSTR_SHL_UW_EM,Gen8,A0,23.832,syn,397435,
INSTR_SHL_UW_EM,Gen9LPClient,A0,20.1284,syn,416823,
INSTR_SHL_UW_FPU,Gen8,A0,28.519,syn,397435,
INSTR_SHL_UW_FPU,Gen9LPClient,A0,24.1498,syn,416823,
INSTR_SHL_W_EM,Gen8,A0,23.832,syn,397435,
INSTR_SHL_W_EM,Gen9LPClient,A0,20.1284,syn,416823,
INSTR_SHL_W_FPU,Gen8,A0,28.519,syn,397435,
INSTR_SHL_W_FPU,Gen9LPClient,A0,24.1498,syn,416823,
INSTR_SHL_UD_EM,Gen8,A0,31.084,syn,397435,
INSTR_SHL_UD_EM,Gen9LPClient,A0,19.8035,syn,416823,
INSTR_SHL_UD_FPU,Gen8,A0,40.206,syn,397435,
INSTR_SHL_UD_FPU,Gen9LPClient,A0,23.6157,syn,416823,
INSTR_SHL_D_EM,Gen8,A0,31.084,syn,397435,
INSTR_SHL_D_EM,Gen9LPClient,A0,19.8035,syn,416823,
INSTR_SHL_D_FPU,Gen8,A0,40.206,syn,397435,
INSTR_SHL_D_FPU,Gen9LPClient,A0,23.6157,syn,416823,
INSTR_SHL_UQ_EM,Gen9LPClient,A0,26.8822,syn,416823,
INSTR_SHL_UQ_FPU,Gen9LPClient,A0,28.7346,syn,416823,
INSTR_SHL_Q_EM,Gen9LPClient,A0,26.8822,syn,416823,
INSTR_SHL_Q_FPU,Gen9LPClient,A0,28.7346,syn,416823,
INSTR_SHL_HF_EM,Gen8,A0,22.423,syn,397435,
INSTR_SHL_HF_EM,Gen9LPClient,A0,38.9505,syn,416823,
INSTR_SHL_HF_FPU,Gen8,A0,28.014,syn,397435,
INSTR_SHL_HF_FPU,Gen9LPClient,A0,43.0566,syn,416823,
INSTR_SHL_F_EM,Gen8,A0,23.832,syn,397435,
INSTR_SHL_F_EM,Gen9LPClient,A0,31.0606,syn,416823,
INSTR_SHL_F_FPU,Gen8,A0,28.519,syn,397435,
INSTR_SHL_F_FPU,Gen9LPClient,A0,32.7057,syn,416823,
INSTR_SHL_DF_EM,Gen9LPClient,A0,30.2404,syn,416823,
INSTR_SHL_DF_FPU,Gen9LPClient,A0,33.3145,syn,416823,
INSTR_SHR_UW_EM,Gen8,A0,23.832,syn,397435,
INSTR_SHR_UW_EM,Gen9LPClient,A0,20.1284,syn,416823,
INSTR_SHR_UW_FPU,Gen8,A0,28.519,syn,397435,
INSTR_SHR_UW_FPU,Gen9LPClient,A0,24.1498,syn,416823,
INSTR_SHR_W_EM,Gen8,A0,23.832,syn,397435,
INSTR_SHR_W_EM,Gen9LPClient,A0,20.1284,syn,416823,
INSTR_SHR_W_FPU,Gen8,A0,28.519,syn,397435,
INSTR_SHR_W_FPU,Gen9LPClient,A0,24.1498,syn,416823,
INSTR_SHR_UD_EM,Gen8,A0,31.084,syn,397435,
INSTR_SHR_UD_EM,Gen9LPClient,A0,19.8035,syn,416823,
INSTR_SHR_UD_FPU,Gen8,A0,40.206,syn,397435,
INSTR_SHR_UD_FPU,Gen9LPClient,A0,23.6157,syn,416823,
INSTR_SHR_D_EM,Gen8,A0,31.084,syn,397435,
INSTR_SHR_D_EM,Gen9LPClient,A0,19.8035,syn,416823,
INSTR_SHR_D_FPU,Gen8,A0,40.206,syn,397435,
INSTR_SHR_D_FPU,Gen9LPClient,A0,23.6157,syn,416823,
INSTR_SHR_UQ_EM,Gen9LPClient,A0,26.8822,syn,416823,
INSTR_SHR_UQ_FPU,Gen9LPClient,A0,28.7346,syn,416823,
INSTR_SHR_Q_EM,Gen9LPClient,A0,26.8822,syn,416823,
INSTR_SHR_Q_FPU,Gen9LPClient,A0,28.7346,syn,416823,
INSTR_SHR_HF_EM,Gen8,A0,22.423,syn,397435,
INSTR_SHR_HF_EM,Gen9LPClient,A0,38.9505,syn,416823,
INSTR_SHR_HF_FPU,Gen8,A0,28.014,syn,397435,
INSTR_SHR_HF_FPU,Gen9LPClient,A0,43.0566,syn,416823,
INSTR_SHR_F_EM,Gen8,A0,23.832,syn,397435,
INSTR_SHR_F_EM,Gen9LPClient,A0,31.0606,syn,416823,
INSTR_SHR_F_FPU,Gen8,A0,28.519,syn,397435,
INSTR_SHR_F_FPU,Gen9LPClient,A0,32.7057,syn,416823,
INSTR_SHR_DF_EM,Gen9LPClient,A0,30.2404,syn,416823,
INSTR_SHR_DF_FPU,Gen9LPClient,A0,33.3145,syn,416823,
INSTR_SUBB_UW_EM,Gen8,A0,23.832,syn,397435,
INSTR_SUBB_UW_EM,Gen9LPClient,A0,20.1284,syn,416823,
INSTR_SUBB_UW_FPU,Gen8,A0,28.519,syn,397435,
INSTR_SUBB_UW_FPU,Gen9LPClient,A0,24.1498,syn,416823,
INSTR_SUBB_W_EM,Gen8,A0,23.832,syn,397435,
INSTR_SUBB_W_EM,Gen9LPClient,A0,20.1284,syn,416823,
INSTR_SUBB_W_FPU,Gen8,A0,28.519,syn,397435,
INSTR_SUBB_W_FPU,Gen9LPClient,A0,24.1498,syn,416823,
INSTR_SUBB_UD_EM,Gen8,A0,31.084,syn,397435,
INSTR_SUBB_UD_EM,Gen9LPClient,A0,19.8035,syn,416823,
INSTR_SUBB_UD_FPU,Gen8,A0,40.206,syn,397435,
INSTR_SUBB_UD_FPU,Gen9LPClient,A0,23.6157,syn,416823,
INSTR_SUBB_D_EM,Gen8,A0,31.084,syn,397435,
INSTR_SUBB_D_EM,Gen9LPClient,A0,19.8035,syn,416823,
INSTR_SUBB_D_FPU,Gen8,A0,40.206,syn,397435,
INSTR_SUBB_D_FPU,Gen9LPClient,A0,23.6157,syn,416823,
INSTR_SUBB_UQ_EM,Gen9LPClient,A0,26.8822,syn,416823,
INSTR_SUBB_UQ_FPU,Gen9LPClient,A0,28.7346,syn,416823,
INSTR_SUBB_Q_EM,Gen9LPClient,A0,26.8822,syn,416823,
INSTR_SUBB_Q_FPU,Gen9LPClient,A0,28.7346,syn,416823,
INSTR_SUBB_HF_EM,Gen8,A0,22.423,syn,397435,
INSTR_SUBB_HF_EM,Gen9LPClient,A0,38.9505,syn,416823,
INSTR_SUBB_HF_FPU,Gen8,A0,28.014,syn,397435,
INSTR_SUBB_HF_FPU,Gen9LPClient,A0,43.0566,syn,416823,
INSTR_SUBB_F_EM,Gen8,A0,23.832,syn,397435,
INSTR_SUBB_F_EM,Gen9LPClient,A0,31.0606,syn,416823,
INSTR_SUBB_F_FPU,Gen8,A0,28.519,syn,397435,
INSTR_SUBB_F_FPU,Gen9LPClient,A0,32.7057,syn,416823,
INSTR_SUBB_DF_EM,Gen9LPClient,A0,30.2404,syn,416823,
INSTR_SUBB_DF_FPU,Gen9LPClient,A0,33.3145,syn,416823,
INSTR_XOR_UW_EM,Gen8,A0,23.832,syn,397435,
INSTR_XOR_UW_EM,Gen9LPClient,A0,20.1284,syn,416823,
INSTR_XOR_UW_FPU,Gen8,A0,28.519,syn,397435,
INSTR_XOR_UW_FPU,Gen9LPClient,A0,24.1498,syn,416823,
INSTR_XOR_W_EM,Gen8,A0,23.832,syn,397435,
INSTR_XOR_W_EM,Gen9LPClient,A0,20.1284,syn,416823,
INSTR_XOR_W_FPU,Gen8,A0,28.519,syn,397435,
INSTR_XOR_W_FPU,Gen9LPClient,A0,24.1498,syn,416823,
INSTR_XOR_UD_EM,Gen8,A0,31.084,syn,397435,
INSTR_XOR_UD_EM,Gen9LPClient,A0,19.8035,syn,416823,
INSTR_XOR_UD_FPU,Gen8,A0,40.206,syn,397435,
INSTR_XOR_UD_FPU,Gen9LPClient,A0,23.6157,syn,416823,
INSTR_XOR_D_EM,Gen8,A0,31.084,syn,397435,
INSTR_XOR_D_EM,Gen9LPClient,A0,19.8035,syn,416823,
INSTR_XOR_D_FPU,Gen8,A0,40.206,syn,397435,
INSTR_XOR_D_FPU,Gen9LPClient,A0,23.6157,syn,416823,
INSTR_XOR_UQ_EM,Gen9LPClient,A0,26.8822,syn,416823,
INSTR_XOR_UQ_FPU,Gen9LPClient,A0,28.7346,syn,416823,
INSTR_XOR_Q_EM,Gen9LPClient,A0,26.8822,syn,416823,
INSTR_XOR_Q_FPU,Gen9LPClient,A0,28.7346,syn,416823,
INSTR_XOR_HF_EM,Gen8,A0,22.423,syn,397435,
INSTR_XOR_HF_EM,Gen9LPClient,A0,38.9505,syn,416823,
INSTR_XOR_HF_FPU,Gen8,A0,28.014,syn,397435,
INSTR_XOR_HF_FPU,Gen9LPClient,A0,43.0566,syn,416823,
INSTR_XOR_F_EM,Gen8,A0,23.832,syn,397435,
INSTR_XOR_F_EM,Gen9LPClient,A0,31.0606,syn,416823,
INSTR_XOR_F_FPU,Gen8,A0,28.519,syn,397435,
INSTR_XOR_F_FPU,Gen9LPClient,A0,32.7057,syn,416823,
INSTR_XOR_DF_EM,Gen9LPClient,A0,30.2404,syn,416823,
INSTR_XOR_DF_FPU,Gen9LPClient,A0,33.3145,syn,416823,
INSTR_BRD_NONE_JEU,Gen8,A0,18.791,syn,397435,
INSTR_BRD_NONE_JEU,Gen9LPClient,A0,27.6272,syn,416823,
INSTR_BRC_NONE_JEU,Gen8,A0,18.791,syn,397435,
INSTR_BRC_NONE_JEU,Gen9LPClient,A0,27.6272,syn,416823,
INSTR_BREAK_NONE_JEU,Gen8,A0,18.791,syn,397435,
INSTR_BREAK_NONE_JEU,Gen9LPClient,A0,27.6272,syn,416823,
INSTR_CALL_NONE_JEU,Gen8,A0,18.791,syn,397435,
INSTR_CALL_NONE_JEU,Gen9LPClient,A0,27.6272,syn,416823,
INSTR_CALLA_NONE_JEU,Gen8,A0,18.791,syn,397435,
INSTR_CALLA_NONE_JEU,Gen9LPClient,A0,27.6272,syn,416823,
INSTR_CONT_NONE_JEU,Gen8,A0,18.791,syn,397435,
INSTR_CONT_NONE_JEU,Gen9LPClient,A0,27.6272,syn,416823,
INSTR_ELSE_NONE_JEU,Gen8,A0,18.791,syn,397435,
INSTR_ELSE_NONE_JEU,Gen9LPClient,A0,27.6272,syn,416823,
INSTR_ENDIF_NONE_JEU,Gen8,A0,18.791,syn,397435,
INSTR_ENDIF_NONE_JEU,Gen9LPClient,A0,27.6272,syn,416823,
INSTR_HALT_NONE_JEU,Gen8,A0,18.791,syn,397435,
INSTR_HALT_NONE_JEU,Gen9LPClient,A0,27.6272,syn,416823,
INSTR_IF_NONE_JEU,Gen8,A0,18.791,syn,397435,
INSTR_IF_NONE_JEU,Gen9LPClient,A0,27.6272,syn,416823,
INSTR_JMPI_NONE_JEU,Gen8,A0,18.791,syn,397435,
INSTR_JMPI_NONE_JEU,Gen9LPClient,A0,27.6272,syn,416823,
INSTR_RET_NONE_JEU,Gen8,A0,18.791,syn,397435,
INSTR_RET_NONE_JEU,Gen9LPClient,A0,27.6272,syn,416823,
INSTR_WHILE_NONE_JEU,Gen9LPClient,A0,27.6272,syn,416823,
GRF_RD_COUNT,Gen8,A0,19.693,ebb,1,
GRF_RD_COUNT,Gen9LPClient,A0,11.237,ebb,1,
GRF_WR_COUNT,Gen8,A0,19.174,ebb,1,
GRF_WR_COUNT,Gen9LPClient,A0,13.734,ebb,1,
