Cluster,Source,Destination,Gate Count Scaling
EU,Gen11LP,Gen12LP,False
EU,Gen12LP,Gen12LP,False
L3_Bank,Gen11LP,Gen12LP,False
L3_Bank,Gen12LP,Gen12LP,False
GAM,Gen11LP,Gen12LP,False
GAM,Gen12LP,Gen12LP,False
Sampler,Gen12LP,Gen12LP,False
L3Node,Gen11LP,Gen12LP,False
L3Node,Gen12LP,Gen12LP,False
Fabric,Gen11LP,Gen12LP,False
Fabric,Gen12LP,Gen12LP,False
GTI,Gen12LP,Gen12LP,False
SQIDI,Gen12LP,Gen12LP,False
UNCORE,Gen12LP,Gen12LP,False
COLOR,Gen12LP,Gen12LP,False
Z,Gen12LP,Gen12LP,False
DSSC,Gen12LP,Gen12LP,False
FF,Gen12LP,Gen12LP,False
HDC,Gen12LP,Gen12LP,False
rFF,Gen12LP,Gen12LP,False
ROSS,Gen12LP,Gen12LP,False
ROSC,Gen12LP,Gen12LP,False
SQIDI,Gen12LP,Gen12LP,False
EU,Gen9LPClient,Gen12HP_512,False
EU,Gen9LPSoC,Gen12HP_512,False
EU,Gen10LP,Gen12HP_512,False
EU,Gen11LP,Gen12HP_512,False
EU,Gen12LP,Gen12HP_512,False
L3_Bank,Gen9LPClient,Gen12HP_512,False
L3_Bank,Gen9LPSoC,Gen12HP_512,False
L3_Bank,Gen10LP,Gen12HP_512,False
L3_Bank,Gen11LP,Gen12HP_512,False
L3_Bank,Gen12LP,Gen12HP_512,False
L3_Bank,Gen12LP,Gen12HP,False
L3_Bank,Gen12HP,Gen12HP,False
GAM,Gen9LPClient,Gen12HP_512,False
GAM,Gen9LPSoC,Gen12HP_512,False
GAM,Gen10LP,Gen12HP_512,False
GAM,Gen11LP,Gen12HP_512,False
GAM,Gen12LP,Gen12HP_512,False
Sampler,Gen9LPClient,Gen12HP_512,False
Sampler,Gen9LPSoC,Gen12HP_512,False
Sampler,Gen10LP,Gen12HP_512,False
Sampler,Gen12LP,Gen12HP_512,False
Sampler,Gen11LP,Gen12HP_512,False
L3Node,Gen9LPClient,Gen12HP_512,False
L3Node,Gen9LPSoC,Gen12HP_512,False
L3Node,Gen10LP,Gen12HP_512,False
L3Node,Gen11LP,Gen12HP_512,False
L3Node,Gen12LP,Gen12HP_512,False
Fabric,Gen9LPClient,Gen12HP_512,False
Fabric,Gen9LPSoC,Gen12HP_512,False
Fabric,Gen10LP,Gen12HP_512,False
Fabric,Gen11LP,Gen12HP_512,False
Fabric,Gen12LP,Gen12HP_512,False
GTI,Gen9LPClient,Gen12HP_512,False
GTI,Gen9LPSoC,Gen12HP_512,False
GTI,Gen10LP,Gen12HP_512,False
GTI,Gen12LP,Gen12HP_512,False
GTI,Gen11LP,Gen12HP_512,False
UNCORE,Gen9LPClient,Gen12HP_512,False
UNCORE,Gen9LPSoC,Gen12HP_512,False
UNCORE,Gen10LP,Gen12HP_512,False
UNCORE,Gen11LP,Gen12HP_512,False
UNCORE,Gen12LP,Gen12HP_512,False
COLOR,Gen9LPClient,Gen12HP_512,False
COLOR,Gen9LPSoC,Gen12HP_512,False
COLOR,Gen10LP,Gen12HP_512,False
COLOR,Gen11LP,Gen12HP_512,False
COLOR,Gen12LP,Gen12HP_512,False
Z,Gen9LPClient,Gen12HP_512,False
Z,Gen9LPSoC,Gen12HP_512,False
Z,Gen10LP,Gen12HP_512,False
Z,Gen11LP,Gen12HP_512,False
Z,Gen12LP,Gen12HP_512,False
DSSC,Gen9LPClient,Gen12HP_512,False
DSSC,Gen9LPSoC,Gen12HP_512,False
DSSC,Gen10LP,Gen12HP_512,False
DSSC,Gen11LP,Gen12HP_512,False
DSSC,Gen12LP,Gen12HP_512,False
DSSC,Gen12HP,Gen12HP,False
FF,Gen9LPClient,Gen12HP_512,False
FF,Gen9LPSoC,Gen12HP_512,False
FF,Gen10LP,Gen12HP_512,False
FF,Gen11LP,Gen12HP_512,False
FF,Gen12LP,Gen12HP_512,False
HDC,Gen9LPClient,Gen12HP_512,False
HDC,Gen9LPSoC,Gen12HP_512,False
HDC,Gen10LP,Gen12HP_512,False
HDC,Gen11LP,Gen12HP_512,False
HDC,Gen12LP,Gen12HP_512,False
HDC,Gen12LP,Gen12HP,False
rFF,Gen9LPClient,Gen12HP_512,False
rFF,Gen9LPSoC,Gen12HP_512,False
rFF,Gen10LP,Gen12HP_512,False
rFF,Gen11LP,Gen12HP_512,False
rFF,Gen12LP,Gen12HP_512,False
ROSS,Gen9LPClient,Gen12HP_512,False
ROSS,Gen9LPSoC,Gen12HP_512,False
ROSS,Gen10LP,Gen12HP_512,False
ROSS,Gen11LP,Gen12HP_512,False
ROSS,Gen12LP,Gen12HP_512,False
ROSC,Gen9LPClient,Gen12HP_512,False
ROSC,Gen9LPSoC,Gen12HP_512,False
ROSC,Gen10LP,Gen12HP_512,False
ROSC,Gen11LP,Gen12HP_512,False
ROSC,Gen12LP,Gen12HP_512,False
SQIDI,Gen9LPClient,Gen12HP_512,False
SQIDI,Gen9LPSoC,Gen12HP_512,False
SQIDI,Gen10LP,Gen12HP_512,False
SQIDI,Gen11LP,Gen12HP_512,False
SQIDI,Gen12LP,Gen12HP_512,False
Other,Gen9LPClient,Gen12HP_512,False
Other,Gen9LPSoC,Gen12HP_512,False
Other,Gen10LP,Gen12HP_512,False
Other,Gen11LP,Gen12HP_512,False
Other,Gen12LP,Gen12HP_512,False
Other,Gen11LP,Gen12LP,False
Other,Gen12LP,Gen12LP,False
EU,Gen9LPClient,Gen12HP_384,False
EU,Gen9LPSoC,Gen12HP_384,False
EU,Gen10LP,Gen12HP_384,False
EU,Gen11LP,Gen12HP_384,False
EU,Gen12LP,Gen12HP_384,False
L3_Bank,Gen9LPClient,Gen12HP_384,False
L3_Bank,Gen9LPSoC,Gen12HP_384,False
L3_Bank,Gen10LP,Gen12HP_384,False
L3_Bank,Gen11LP,Gen12HP_384,False
L3_Bank,Gen12LP,Gen12HP_384,False
GAM,Gen9LPClient,Gen12HP_384,False
GAM,Gen9LPSoC,Gen12HP_384,False
GAM,Gen10LP,Gen12HP_384,False
GAM,Gen11LP,Gen12HP_384,False
GAM,Gen12LP,Gen12HP_384,False
Sampler,Gen9LPClient,Gen12HP_384,False
Sampler,Gen9LPSoC,Gen12HP_384,False
Sampler,Gen10LP,Gen12HP_384,False
Sampler,Gen12LP,Gen12HP_384,False
Sampler,Gen11LP,Gen12HP_384,False
L3Node,Gen9LPClient,Gen12HP_384,False
L3Node,Gen9LPSoC,Gen12HP_384,False
L3Node,Gen10LP,Gen12HP_384,False
L3Node,Gen11LP,Gen12HP_384,False
L3Node,Gen12LP,Gen12HP_384,False
Fabric,Gen9LPClient,Gen12HP_384,False
Fabric,Gen9LPSoC,Gen12HP_384,False
Fabric,Gen10LP,Gen12HP_384,False
Fabric,Gen11LP,Gen12HP_384,False
Fabric,Gen12LP,Gen12HP_384,False
GTI,Gen9LPClient,Gen12HP_384,False
GTI,Gen9LPSoC,Gen12HP_384,False
GTI,Gen10LP,Gen12HP_384,False
GTI,Gen12LP,Gen12HP_384,False
GTI,Gen11LP,Gen12HP_384,False
SQIDI,Gen9LPClient,Gen12HP_384,False
SQIDI,Gen9LPSoC,Gen12HP_384,False
SQIDI,Gen10LP,Gen12HP_384,False
SQIDI,Gen12LP,Gen12HP_384,False
SQIDI,Gen11LP,Gen12HP_384,False
UNCORE,Gen9LPClient,Gen12HP_384,False
UNCORE,Gen9LPSoC,Gen12HP_384,False
UNCORE,Gen10LP,Gen12HP_384,False
UNCORE,Gen11LP,Gen12HP_384,False
UNCORE,Gen12LP,Gen12HP_384,False
COLOR,Gen9LPClient,Gen12HP_384,False
COLOR,Gen9LPSoC,Gen12HP_384,False
COLOR,Gen10LP,Gen12HP_384,False
COLOR,Gen11LP,Gen12HP_384,False
COLOR,Gen12LP,Gen12HP_384,False
Z,Gen9LPClient,Gen12HP_384,False
Z,Gen9LPSoC,Gen12HP_384,False
Z,Gen10LP,Gen12HP_384,False
Z,Gen11LP,Gen12HP_384,False
Z,Gen12LP,Gen12HP_384,False
DSSC,Gen9LPClient,Gen12HP_384,False
DSSC,Gen9LPSoC,Gen12HP_384,False
DSSC,Gen10LP,Gen12HP_384,False
DSSC,Gen11LP,Gen12HP_384,False
DSSC,Gen12LP,Gen12HP_384,False
DSSC,Gen12LP,Gen12HP,False
FF,Gen9LPClient,Gen12HP_384,False
FF,Gen9LPSoC,Gen12HP_384,False
FF,Gen10LP,Gen12HP_384,False
FF,Gen11LP,Gen12HP_384,False
FF,Gen12LP,Gen12HP_384,False
HDC,Gen9LPClient,Gen12HP_384,False
HDC,Gen9LPSoC,Gen12HP_384,False
HDC,Gen10LP,Gen12HP_384,False
HDC,Gen11LP,Gen12HP_384,False
HDC,Gen12LP,Gen12HP_384,False
HDC,Gen12LP,Gen12HP,False
rFF,Gen9LPClient,Gen12HP_384,False
rFF,Gen9LPSoC,Gen12HP_384,False
rFF,Gen10LP,Gen12HP_384,False
rFF,Gen11LP,Gen12HP_384,False
rFF,Gen12LP,Gen12HP_384,False
ROSS,Gen9LPClient,Gen12HP_384,False
ROSS,Gen9LPSoC,Gen12HP_384,False
ROSS,Gen10LP,Gen12HP_384,False
ROSS,Gen11LP,Gen12HP_384,False
ROSS,Gen12LP,Gen12HP_384,False
ROSC,Gen9LPClient,Gen12HP_384,False
ROSC,Gen9LPSoC,Gen12HP_384,False
ROSC,Gen10LP,Gen12HP_384,False
ROSC,Gen11LP,Gen12HP_384,False
ROSC,Gen12LP,Gen12HP_384,False
Other,Gen9LPClient,Gen12HP_384,False
Other,Gen9LPSoC,Gen12HP_384,False
Other,Gen10LP,Gen12HP_384,False
Other,Gen11LP,Gen12HP_384,False
Other,Gen12LP,Gen12HP_384,False
EU,Gen11LP,Gen12DG,False
EU,Gen12LP,Gen12DG,False
L3_Bank,Gen11LP,Gen12DG,False
L3_Bank,Gen12LP,Gen12DG,False
GAM,Gen11LP,Gen12DG,False
GAM,Gen12LP,Gen12DG,False
Sampler,Gen12LP,Gen12DG,False
L3Node,Gen11LP,Gen12DG,False
L3Node,Gen12LP,Gen12DG,False
Fabric,Gen11LP,Gen12DG,False
Fabric,Gen12LP,Gen12DG,False
GTI,Gen12LP,Gen12DG,False
SQIDI,Gen12LP,Gen12DG,False
UNCORE,Gen12LP,Gen12DG,False
COLOR,Gen12LP,Gen12DG,False
Z,Gen12LP,Gen12DG,False
DSSC,Gen12LP,Gen12DG,False
FF,Gen12LP,Gen12DG,False
HDC,Gen12LP,Gen12DG,False
HDC,Gen12HP,Gen12HP,False
rFF,Gen12LP,Gen12DG,False
ROSS,Gen12LP,Gen12DG,False
ROSC,Gen12LP,Gen12DG,False
SQIDI,Gen12LP,Gen12DG,False
EU,Gen9LPClient,Gen12HP,False
EU,Gen9LPSoC,Gen12HP,False
EU,Gen10LP,Gen12HP,False
EU,Gen11LP,Gen12HP,False
EU,Gen12LP,Gen12HP,False
EU,Gen12HP,Gen12HP,False
EU,Gen12HP,PVC,False
EU,DG2,PVC,False
EU,ADL,PVC,False
EU,PVC,PVC,False
EU,Gen12HP,PVC2,False
EU,PVC,PVC2,False
EU,PVC2,PVC2,False
L3_Bank,Gen9LPClient,Gen12HP,False
L3_Bank,Gen9LPSoC,Gen12HP,False
L3_Bank,Gen10LP,Gen12HP,False
L3_Bank,Gen11LP,Gen12HP,False
L3_Bank,Gen12LP,Gen12HP,False
L3_Bank,Gen12DG,Gen12HP,False
GAM,Gen9LPClient,Gen12HP,False
GAM,Gen9LPSoC,Gen12HP,False
GAM,Gen10LP,Gen12HP,False
GAM,Gen11LP,Gen12HP,False
GAM,Gen12LP,Gen12HP,False
Sampler,Gen9LPClient,Gen12HP,False
Sampler,Gen9LPSoC,Gen12HP,False
Sampler,Gen10LP,Gen12HP,False
Sampler,Gen12LP,Gen12HP,False
Sampler,Gen11LP,Gen12HP,False
L3Node,Gen9LPClient,Gen12HP,False
L3Node,Gen9LPSoC,Gen12HP,False
L3Node,Gen10LP,Gen12HP,False
L3Node,Gen11LP,Gen12HP,False
L3Node,Gen12DG,Gen12HP,False
L3Node,Gen12LP,Gen12HP,False
L3Node,Gen12HP,Gen12HP,False
Fabric,Gen9LPClient,Gen12HP,False
Fabric,Gen9LPSoC,Gen12HP,False
Fabric,Gen10LP,Gen12HP,False
Fabric,Gen11LP,Gen12HP,False
Fabric,Gen12LP,Gen12HP,False
Fabric,Gen12DG,Gen12HP,False
Fabric,Gen12HP,Gen12HP,False
GTI,Gen9LPClient,Gen12HP,False
GTI,Gen9LPSoC,Gen12HP,False
GTI,Gen10LP,Gen12HP,False
GTI,Gen12LP,Gen12HP,False
GTI,Gen11LP,Gen12HP,False
SQIDI,Gen9LPClient,Gen12HP,False
SQIDI,Gen9LPSoC,Gen12HP,False
SQIDI,Gen10LP,Gen12HP,False
SQIDI,Gen12LP,Gen12HP,False
SQIDI,Gen11LP,Gen12HP,False
UNCORE,Gen9LPClient,Gen12HP,False
UNCORE,Gen9LPSoC,Gen12HP,False
UNCORE,Gen10LP,Gen12HP,False
UNCORE,Gen11LP,Gen12HP,False
UNCORE,Gen12LP,Gen12HP,False
COLOR,Gen9LPClient,Gen12HP,False
COLOR,Gen9LPSoC,Gen12HP,False
COLOR,Gen10LP,Gen12HP,False
COLOR,Gen11LP,Gen12HP,False
COLOR,Gen12LP,Gen12HP,False
Z,Gen9LPClient,Gen12HP,False
Z,Gen9LPSoC,Gen12HP,False
Z,Gen10LP,Gen12HP,False
Z,Gen11LP,Gen12HP,False
Z,Gen12LP,Gen12HP,False
DSSC,Gen9LPClient,Gen12HP,False
DSSC,Gen9LPSoC,Gen12HP,False
DSSC,Gen10LP,Gen12HP,False
DSSC,Gen11LP,Gen12HP,False
DSSC,Gen12LP,Gen12HP,False
FF,Gen9LPClient,Gen12HP,False
FF,Gen9LPSoC,Gen12HP,False
FF,Gen10LP,Gen12HP,False
FF,Gen11LP,Gen12HP,False
FF,Gen12LP,Gen12HP,False
HDC,Gen9LPClient,Gen12HP,False
HDC,Gen9LPSoC,Gen12HP,False
HDC,Gen10LP,Gen12HP,False
HDC,Gen11LP,Gen12HP,False
HDC,Gen12LP,Gen12HP,False
rFF,Gen9LPClient,Gen12HP,False
rFF,Gen9LPSoC,Gen12HP,False
rFF,Gen10LP,Gen12HP,False
rFF,Gen11LP,Gen12HP,False
rFF,Gen12LP,Gen12HP,False
ROSS,Gen9LPClient,Gen12HP,False
ROSS,Gen9LPSoC,Gen12HP,False
ROSS,Gen10LP,Gen12HP,False
ROSS,Gen11LP,Gen12HP,False
ROSS,Gen12LP,Gen12HP,False
ROSC,Gen9LPClient,Gen12HP,False
ROSC,Gen9LPSoC,Gen12HP,False
ROSC,Gen10LP,Gen12HP,False
ROSC,Gen11LP,Gen12HP,False
ROSC,Gen12LP,Gen12HP,False
Other,Gen9LPClient,Gen12HP,False
Other,Gen9LPSoC,Gen12HP,False
Other,Gen10LP,Gen12HP,False
Other,Gen11LP,Gen12HP,False
Other,Gen12LP,Gen12HP,False
Other,Gen12HP,Gen12HP,False
EU,Gen9LPClient,PVC_Scaled,False
EU,Gen9LPSoC,PVC_Scaled,False
EU,Gen10LP,PVC_Scaled,False
EU,Gen11LP,PVC_Scaled,False
EU,Gen12LP,PVC_Scaled,False
EU,Gen12HP,PVC_Scaled,False
L3_Bank,Gen9LPClient,PVC_Scaled,False
L3_Bank,Gen9LPSoC,PVC_Scaled,False
L3_Bank,Gen10LP,PVC_Scaled,False
L3_Bank,Gen11LP,PVC_Scaled,False
L3_Bank,Gen12LP,PVC_Scaled,False
L3_Bank,Gen12DG,PVC_Scaled,False
L3_Bank,Gen12HP,PVC_Scaled,False
GAM,Gen9LPClient,PVC_Scaled,False
GAM,Gen9LPSoC,PVC_Scaled,False
GAM,Gen10LP,PVC_Scaled,False
GAM,Gen11LP,PVC_Scaled,False
GAM,Gen12LP,PVC_Scaled,False
Sampler,Gen9LPClient,PVC_Scaled,False
Sampler,Gen9LPSoC,PVC_Scaled,False
Sampler,Gen10LP,PVC_Scaled,False
Sampler,Gen12LP,PVC_Scaled,False
Sampler,Gen11LP,PVC_Scaled,False
L3Node,Gen9LPClient,PVC_Scaled,False
L3Node,Gen9LPSoC,PVC_Scaled,False
L3Node,Gen10LP,PVC_Scaled,False
L3Node,Gen11LP,PVC_Scaled,False
L3Node,Gen12LP,PVC_Scaled,False
L3Node,Gen12DG,PVC_Scaled,False
L3Node,Gen12HP,PVC_Scaled,False
Fabric,Gen9LPClient,PVC_Scaled,False
Fabric,Gen9LPSoC,PVC_Scaled,False
Fabric,Gen10LP,PVC_Scaled,False
Fabric,Gen11LP,PVC_Scaled,False
Fabric,Gen12LP,PVC_Scaled,False
Fabric,Gen12DG,PVC_Scaled,False
Fabric,Gen12HP,PVC_Scaled,False
GTI,Gen9LPClient,PVC_Scaled,False
GTI,Gen9LPSoC,PVC_Scaled,False
GTI,Gen10LP,PVC_Scaled,False
GTI,Gen12LP,PVC_Scaled,False
GTI,Gen11LP,PVC_Scaled,False
UNCORE,Gen9LPClient,PVC_Scaled,False
UNCORE,Gen9LPSoC,PVC_Scaled,False
UNCORE,Gen10LP,PVC_Scaled,False
UNCORE,Gen11LP,PVC_Scaled,False
UNCORE,Gen12LP,PVC_Scaled,False
COLOR,Gen9LPClient,PVC_Scaled,False
COLOR,Gen9LPSoC,PVC_Scaled,False
COLOR,Gen10LP,PVC_Scaled,False
COLOR,Gen11LP,PVC_Scaled,False
COLOR,Gen12LP,PVC_Scaled,False
Z,Gen9LPClient,PVC_Scaled,False
Z,Gen9LPSoC,PVC_Scaled,False
Z,Gen10LP,PVC_Scaled,False
Z,Gen11LP,PVC_Scaled,False
Z,Gen12LP,PVC_Scaled,False
DSSC,Gen9LPClient,PVC_Scaled,False
DSSC,Gen9LPSoC,PVC_Scaled,False
DSSC,Gen10LP,PVC_Scaled,False
DSSC,Gen11LP,PVC_Scaled,False
DSSC,Gen12LP,PVC_Scaled,False
FF,Gen9LPClient,PVC_Scaled,False
FF,Gen9LPSoC,PVC_Scaled,False
FF,Gen10LP,PVC_Scaled,False
FF,Gen11LP,PVC_Scaled,False
FF,Gen12LP,PVC_Scaled,False
HDC,Gen9LPClient,PVC_Scaled,False
HDC,Gen9LPSoC,PVC_Scaled,False
HDC,Gen10LP,PVC_Scaled,False
HDC,Gen11LP,PVC_Scaled,False
HDC,Gen12LP,PVC_Scaled,False
rFF,Gen9LPClient,PVC_Scaled,False
rFF,Gen9LPSoC,PVC_Scaled,False
rFF,Gen10LP,PVC_Scaled,False
rFF,Gen11LP,PVC_Scaled,False
rFF,Gen12LP,PVC_Scaled,False
ROSS,Gen9LPClient,PVC_Scaled,False
ROSS,Gen9LPSoC,PVC_Scaled,False
ROSS,Gen10LP,PVC_Scaled,False
ROSS,Gen11LP,PVC_Scaled,False
ROSS,Gen12LP,PVC_Scaled,False
ROSC,Gen9LPClient,PVC_Scaled,False
ROSC,Gen9LPSoC,PVC_Scaled,False
ROSC,Gen10LP,PVC_Scaled,False
ROSC,Gen11LP,PVC_Scaled,False
ROSC,Gen12LP,PVC_Scaled,False
SQIDI,Gen9LPClient,PVC_Scaled,False
SQIDI,Gen9LPSoC,PVC_Scaled,False
SQIDI,Gen10LP,PVC_Scaled,False
SQIDI,Gen11LP,PVC_Scaled,False
SQIDI,Gen12LP,PVC_Scaled,False
Other,Gen9LPClient,PVC_Scaled,False
Other,Gen9LPSoC,PVC_Scaled,False
Other,Gen10LP,PVC_Scaled,False
Other,Gen11LP,PVC_Scaled,False
Other,Gen12LP,PVC_Scaled,False
Other,Gen12HP,PVC_Scaled,False
EU,Gen9LPClient,PVC_A21,False
EU,Gen9LPSoC,PVC_A21,False
EU,Gen10LP,PVC_A21,False
EU,Gen11LP,PVC_A21,False
EU,Gen12LP,PVC_A21,False
EU,Gen12HP,PVC_A21,False
L3_Bank,Gen9LPClient,PVC_A21,False
L3_Bank,Gen9LPSoC,PVC_A21,False
L3_Bank,Gen10LP,PVC_A21,False
L3_Bank,Gen11LP,PVC_A21,False
L3_Bank,Gen12LP,PVC_A21,False
L3_Bank,Gen12DG,PVC_A21,False
L3_Bank,Gen12HP,PVC_A21,False
GAM,Gen9LPClient,PVC_A21,False
GAM,Gen9LPSoC,PVC_A21,False
GAM,Gen10LP,PVC_A21,False
GAM,Gen11LP,PVC_A21,False
GAM,Gen12LP,PVC_A21,False
Sampler,Gen9LPClient,PVC_A21,False
Sampler,Gen9LPSoC,PVC_A21,False
Sampler,Gen10LP,PVC_A21,False
Sampler,Gen12LP,PVC_A21,False
Sampler,Gen11LP,PVC_A21,False
L3Node,Gen9LPClient,PVC_A21,False
L3Node,Gen9LPSoC,PVC_A21,False
L3Node,Gen10LP,PVC_A21,False
L3Node,Gen11LP,PVC_A21,False
L3Node,Gen12LP,PVC_A21,False
L3Node,Gen12DG,PVC_A21,False
L3Node,Gen12HP,PVC_A21,False
Fabric,Gen9LPClient,PVC_A21,False
Fabric,Gen9LPSoC,PVC_A21,False
Fabric,Gen10LP,PVC_A21,False
Fabric,Gen11LP,PVC_A21,False
Fabric,Gen12LP,PVC_A21,False
Fabric,Gen12DG,PVC_A21,False
Fabric,Gen12HP,PVC_A21,False
GTI,Gen9LPClient,PVC_A21,False
GTI,Gen9LPSoC,PVC_A21,False
GTI,Gen10LP,PVC_A21,False
GTI,Gen12LP,PVC_A21,False
GTI,Gen11LP,PVC_A21,False
UNCORE,Gen9LPClient,PVC_A21,False
UNCORE,Gen9LPSoC,PVC_A21,False
UNCORE,Gen10LP,PVC_A21,False
UNCORE,Gen11LP,PVC_A21,False
UNCORE,Gen12LP,PVC_A21,False
COLOR,Gen9LPClient,PVC_A21,False
COLOR,Gen9LPSoC,PVC_A21,False
COLOR,Gen10LP,PVC_A21,False
COLOR,Gen11LP,PVC_A21,False
COLOR,Gen12LP,PVC_A21,False
Z,Gen9LPClient,PVC_A21,False
Z,Gen9LPSoC,PVC_A21,False
Z,Gen10LP,PVC_A21,False
Z,Gen11LP,PVC_A21,False
Z,Gen12LP,PVC_A21,False
DSSC,Gen9LPClient,PVC_A21,False
DSSC,Gen9LPSoC,PVC_A21,False
DSSC,Gen10LP,PVC_A21,False
DSSC,Gen11LP,PVC_A21,False
DSSC,Gen12LP,PVC_A21,False
FF,Gen9LPClient,PVC_A21,False
FF,Gen9LPSoC,PVC_A21,False
FF,Gen10LP,PVC_A21,False
FF,Gen11LP,PVC_A21,False
FF,Gen12LP,PVC_A21,False
HDC,Gen9LPClient,PVC_A21,False
HDC,Gen9LPSoC,PVC_A21,False
HDC,Gen10LP,PVC_A21,False
HDC,Gen11LP,PVC_A21,False
HDC,Gen12LP,PVC_A21,False
rFF,Gen9LPClient,PVC_A21,False
rFF,Gen9LPSoC,PVC_A21,False
rFF,Gen10LP,PVC_A21,False
rFF,Gen11LP,PVC_A21,False
rFF,Gen12LP,PVC_A21,False
ROSS,Gen9LPClient,PVC_A21,False
ROSS,Gen9LPSoC,PVC_A21,False
ROSS,Gen10LP,PVC_A21,False
ROSS,Gen11LP,PVC_A21,False
ROSS,Gen12LP,PVC_A21,False
ROSC,Gen9LPClient,PVC_A21,False
ROSC,Gen9LPSoC,PVC_A21,False
ROSC,Gen10LP,PVC_A21,False
ROSC,Gen11LP,PVC_A21,False
ROSC,Gen12LP,PVC_A21,False
SQIDI,Gen9LPClient,PVC_A21,False
SQIDI,Gen9LPSoC,PVC_A21,False
SQIDI,Gen10LP,PVC_A21,False
SQIDI,Gen11LP,PVC_A21,False
SQIDI,Gen12LP,PVC_A21,False
Other,Gen9LPClient,PVC_A21,False
Other,Gen9LPSoC,PVC_A21,False
Other,Gen10LP,PVC_A21,False
Other,Gen11LP,PVC_A21,False
Other,Gen12LP,PVC_A21,False
Other,Gen12HP,PVC_A21,False
L3_Bank,Gen12LP,PVC,False
L3_Bank,Gen12HP,PVC,False
L3_Bank,DG2,PVC,False
L3_Bank,ADL,PVC,False
L3_Bank,PVC,PVC,False
L3_Bank,Gen12HP,PVC2,False
L3_Bank,PVC,PVC2,False
L3_Bank,PVC2,PVC2,False
HDC,Gen12LP,PVC,False
DSSC,Gen12LP,PVC,False
HDC,Gen12LP,PVC,False
HDC,Gen12HP,PVC,False
HDC,DG2,PVC,False
HDC,ADL,PVC,False
HDC,PVC,PVC,False
EU,Gen9LPClient,PVC,False
EU,Gen9LPSoC,PVC,False
EU,Gen10LP,PVC,False
EU,Gen11LP,PVC,False
EU,Gen12LP,PVC,False
EU,Gen12HP,PVC,False
EU,DG2,PVC,False
EU,ADL,PVC,False
L3_Bank,Gen9LPClient,PVC,False
L3_Bank,Gen9LPSoC,PVC,False
L3_Bank,Gen10LP,PVC,False
L3_Bank,Gen11LP,PVC,False
L3_Bank,Gen12LP,PVC,False
L3_Bank,Gen12DG,PVC,False
GAM,Gen9LPClient,PVC,False
GAM,Gen9LPSoC,PVC,False
GAM,Gen10LP,PVC,False
GAM,Gen11LP,PVC,False
GAM,Gen12LP,PVC,False
GAM,Gen12HP,PVC,False
GAM,DG2,PVC,False
GAM,ADL,PVC,False
GAM,PVC,PVC,False
GAM,PVC,PVC_A21,False
GAM,Gen12HP,PVC_A21,False
GAM,PVC,PVC2,False
GAM,PVC2,PVC2,False
Sampler,Gen9LPClient,PVC,False
Sampler,Gen9LPSoC,PVC,False
Sampler,Gen10LP,PVC,False
Sampler,Gen12LP,PVC,False
Sampler,Gen11LP,PVC,False
Sampler,Gen12HP,PVC,False
Sampler,DG2,PVC,False
Sampler,ADL,PVC,False
Sampler,PVC,PVC,False
LSC,PVC,PVC,False
LSC,PVC,PVC2,False
LSC,PVC2,PVC2,False
ROW,PVC,PVC,False
ROW,PVC,PVC2,False
ROW,PVC2,PVC2,False
L3Node,Gen9LPClient,PVC,False
L3Node,Gen9LPSoC,PVC,False
L3Node,Gen10LP,PVC,False
L3Node,Gen11LP,PVC,False
L3Node,Gen12DG,PVC,False
L3Node,Gen12LP,PVC,False
L3Node,Gen12HP,PVC,False
L3Node,DG2,PVC,False
L3Node,ADL,PVC,False
Fabric,Gen9LPClient,PVC,False
Fabric,Gen9LPSoC,PVC,False
Fabric,Gen10LP,PVC,False
Fabric,Gen11LP,PVC,False
Fabric,Gen12LP,PVC,False
Fabric,Gen12DG,PVC,False
Fabric,Gen12HP,PVC,False
Fabric,DG2,PVC,False
Fabric,ADL,PVC,False
GTI,Gen9LPClient,PVC,False
GTI,Gen9LPSoC,PVC,False
GTI,Gen10LP,PVC,False
GTI,Gen12LP,PVC,False
GTI,Gen11LP,PVC,False
GTI,Gen12HP,PVC,False
GTI,DG2,PVC,False
GTI,ADL,PVC,False
SQIDI,Gen9LPClient,PVC,False
SQIDI,Gen9LPSoC,PVC,False
SQIDI,Gen10LP,PVC,False
SQIDI,Gen12LP,PVC,False
SQIDI,Gen11LP,PVC,False
SQIDI,Gen12HP,PVC,False
SQIDI,DG2,PVC,False
SQIDI,ADL,PVC,False
SQIDI,PVC,PVC,False
SQIDI,PVC,PVC2,False
SQIDI,PVC2,PVC2,False
UNCORE,Gen9LPClient,PVC,False
UNCORE,Gen9LPSoC,PVC,False
UNCORE,Gen10LP,PVC,False
UNCORE,Gen11LP,PVC,False
UNCORE,Gen12LP,PVC,False
COLOR,Gen9LPClient,PVC,False
COLOR,Gen9LPSoC,PVC,False
COLOR,Gen10LP,PVC,False
COLOR,Gen11LP,PVC,False
COLOR,Gen12LP,PVC,False
Z,Gen9LPClient,PVC,False
Z,Gen9LPSoC,PVC,False
Z,Gen10LP,PVC,False
Z,Gen11LP,PVC,False
Z,Gen12LP,PVC,False
Z,Gen12HP,PVC,False
Z,DG2,PVC,False
Z,ADL,PVC,False
DSSC,Gen9LPClient,PVC,False
DSSC,Gen9LPSoC,PVC,False
DSSC,Gen10LP,PVC,False
DSSC,Gen11LP,PVC,False
DSSC,Gen12LP,PVC,False
DSSC,Gen12HP,PVC,False
DSSC,DG2,PVC,False
DSSC,ADL,PVC,False
DSSC,PVC,PVC,False
DSSC,PVC,PVC2,False
DSSC,PVC2,PVC2,False
DSSC,PVC,PVC_A21,False
FF,Gen9LPClient,PVC,False
FF,Gen9LPSoC,PVC,False
FF,Gen10LP,PVC,False
FF,Gen11LP,PVC,False
FF,Gen12LP,PVC,False
HDC,Gen9LPClient,PVC,False
HDC,Gen9LPSoC,PVC,False
HDC,Gen10LP,PVC,False
HDC,Gen11LP,PVC,False
HDC,Gen12LP,PVC,False
rFF,Gen9LPClient,PVC,False
rFF,Gen9LPSoC,PVC,False
rFF,Gen10LP,PVC,False
rFF,Gen11LP,PVC,False
rFF,Gen12LP,PVC,False
ROSS,Gen9LPClient,PVC,False
ROSS,Gen9LPSoC,PVC,False
ROSS,Gen10LP,PVC,False
ROSS,Gen11LP,PVC,False
ROSS,Gen12LP,PVC,False
ROSC,Gen9LPClient,PVC,False
ROSC,Gen9LPSoC,PVC,False
ROSC,Gen10LP,PVC,False
ROSC,Gen11LP,PVC,False
ROSC,Gen12LP,PVC,False
Other,Gen9LPClient,PVC,False
Other,Gen9LPSoC,PVC,False
Other,Gen10LP,PVC,False
Other,Gen11LP,PVC,False
Other,Gen12LP,PVC,False
Other,Gen12HP,PVC,False
Other,DG2,PVC,False
Other,ADL,PVC,False
Other,PVC,PVC,False
Other,PVC,PVC2,False
Other,PVC2,PVC2,False
Other,PVC,PVC_A21,False
EU,Gen9LPSoC,ADL,False
EU,Gen10LP,ADL,False
EU,Gen11LP,ADL,False
EU,Gen12LP,ADL,False
EU,Gen12HP,ADL,False
EU,ADL,ADL,False
EU,DG2,ADL,False
L3_Bank,Gen9LPClient,ADL,False
L3_Bank,Gen9LPSoC,ADL,False
L3_Bank,Gen10LP,ADL,False
L3_Bank,Gen11LP,ADL,False
L3_Bank,Gen12LP,ADL,False
L3_Bank,Gen12DG,ADL,False
L3_Bank,Gen12HP,ADL,False
L3_Bank,ADL,ADL,False
L3_Bank,DG2,ADL,False
L3_Bank,Gen12HP,DG2,False
L3_Bank,DG2,DG2,False
L3_Bank,Gen12HP,MTL,False
L3_Bank,DG2,MTL,False
GAM,Gen9LPClient,ADL,False
GAM,Gen9LPSoC,ADL,False
GAM,Gen10LP,ADL,False
GAM,Gen11LP,ADL,False
GAM,Gen12LP,ADL,False
GAM,Gen12HP,ADL,False
GAM,ADL,ADL,False
GAM,DG2,ADL,False
GAM,Gen12HP,DG2,False
GAM,DG2,DG2,False
GAM,Gen12HP,MTL,False
GAM,DG2,MTL,False
Sampler,Gen9LPClient,ADL,False
Sampler,Gen9LPSoC,ADL,False
Sampler,Gen10LP,ADL,False
Sampler,Gen12LP,ADL,False
Sampler,Gen12HP,ADL,False
Sampler,ADL,ADL,False
Sampler,DG2,ADL,False
Sampler,Gen11LP,ADL,False
Sampler,Gen12HP,DG2,False
Sampler,DG2,DG2,False
Sampler,Gen12HP,MTL,False
Sampler,DG2,MTL,False
Sampler,DG2,PVC,False
Sampler,ADL,PVC,False
L3Node,Gen9LPClient,ADL,False
L3Node,Gen9LPSoC,ADL,False
L3Node,Gen10LP,ADL,False
L3Node,Gen11LP,ADL,False
L3Node,Gen12DG,ADL,False
L3Node,Gen12LP,ADL,False
L3Node,Gen12HP,ADL,False
Fabric,Gen9LPClient,ADL,False
Fabric,Gen9LPSoC,ADL,False
Fabric,Gen10LP,ADL,False
Fabric,Gen11LP,ADL,False
Fabric,Gen12LP,ADL,False
Fabric,Gen12DG,ADL,False
Fabric,Gen12HP,ADL,False
GTI,Gen9LPClient,ADL,False
GTI,Gen9LPSoC,ADL,False
GTI,Gen10LP,ADL,False
GTI,Gen12LP,ADL,False
GTI,Gen11LP,ADL,False
SQIDI,Gen9LPClient,ADL,False
SQIDI,Gen9LPSoC,ADL,False
SQIDI,Gen10LP,ADL,False
SQIDI,Gen12LP,ADL,False
SQIDI,Gen11LP,ADL,False
UNCORE,Gen9LPClient,ADL,False
UNCORE,Gen9LPSoC,ADL,False
UNCORE,Gen10LP,ADL,False
UNCORE,Gen11LP,ADL,False
UNCORE,Gen12LP,ADL,False
COLOR,Gen9LPClient,ADL,False
COLOR,Gen9LPSoC,ADL,False
COLOR,Gen10LP,ADL,False
COLOR,Gen11LP,ADL,False
COLOR,Gen12LP,ADL,False
Z,Gen9LPClient,ADL,False
Z,Gen9LPSoC,ADL,False
Z,Gen10LP,ADL,False
Z,Gen11LP,ADL,False
Z,Gen12LP,ADL,False
DSSC,Gen9LPClient,ADL,False
DSSC,Gen9LPSoC,ADL,False
DSSC,Gen10LP,ADL,False
DSSC,Gen11LP,ADL,False
DSSC,Gen12LP,ADL,False
DSSC,Gen12HP,ADL,False
DSSC,DG2,ADL,False
DSSC,ADL,ADL,False
DSSC,Gen12HP,DG2,False
DSSC,DG2,DG2,False
DSSC,Gen12HP,MTL,False
DSSC,DG2,MTL,False
FF,Gen9LPClient,ADL,False
FF,Gen9LPSoC,ADL,False
FF,Gen10LP,ADL,False
FF,Gen11LP,ADL,False
FF,Gen12LP,ADL,False
HDC,Gen9LPClient,ADL,False
HDC,Gen9LPSoC,ADL,False
HDC,Gen10LP,ADL,False
HDC,Gen11LP,ADL,False
HDC,Gen12LP,ADL,False
HDC,Gen12HP,ADL,False
HDC,DG2,ADL,False
HDC,Gen12HP,DG2,False
HDC,DG2,DG2,False
HDC,Gen12HP,MTL,False
HDC,DG2,MTL,False
rFF,Gen9LPClient,ADL,False
rFF,Gen9LPSoC,ADL,False
rFF,Gen10LP,ADL,False
rFF,Gen11LP,ADL,False
rFF,Gen12LP,ADL,False
ROSS,Gen9LPClient,ADL,False
ROSS,Gen9LPSoC,ADL,False
ROSS,Gen10LP,ADL,False
ROSS,Gen11LP,ADL,False
ROSS,Gen12LP,ADL,False
ROSS,Gen12HP,ADL,False
ROSS,DG2,ADL,False
ROSS,Gen12HP,DG2,False
ROSS,DG2,DG2,False
ROSS,Gen12HP,MTL,False
ROSS,DG2,MTL,False
ROSS,Gen12HP,PVC,False
ROSS,Gen12HP,PVC,False
ROSS,DG2,PVC,False
ROSS,ADL,PVC,False
ROSC,Gen9LPClient,ADL,False
ROSC,Gen9LPSoC,ADL,False
ROSC,Gen10LP,ADL,False
ROSC,Gen11LP,ADL,False
ROSC,Gen12LP,ADL,False
Other,Gen9LPClient,ADL,False
Other,Gen9LPSoC,ADL,False
Other,Gen10LP,ADL,False
Other,Gen11LP,ADL,False
Other,Gen12LP,ADL,False
Other,Gen12HP,ADL,False
Other,ADL,ADL,False
Other,DG2,ADL,False
Other,Gen12HP,DG2,False
Other,DG2,DG2,False
Other,Gen12HP,MTL,False
Other,DG2,MTL,False
Sampler,Gen12HP,Gen12HP,False
GAM,Gen12HP,Gen12HP,False
SQIDI,Gen12HP,Gen12HP,False
SQIDI,DG2,PVC,False
SQIDI,ADL,PVC,False
EU,Gen12HP,DG2,False
EU,Gen12LP,DG2,False
EU,Gen11LP,DG2,False,
EU,Gen9LPClient,DG2,False
EU,DG2,DG2,False
EU,Gen12HP,MTL,False
EU,Gen12LP,MTL,False
EU,Gen11LP,MTL,False,
EU,Gen9LPClient,MTL,False
EU,DG2,MTL,False
Foveros,PVC,PVC,False
FabricsSpine,PVC,PVC,False
Foveros,PVC,PVC2,False
Foveros,PVC2,PVC2,False
FabricsSpine,PVC,PVC2,False
FabricsSpine,PVC2,PVC2,False
